DY,DY001,Hilary O'Neil had little experience and a lot of possibility.,neu,neu,neu,3,3,3,neu,neu,neu,3,3,3
DY,DY002,do you know anything about chemotherapy.,neu,sad,sad,3,2,2,sad,sad,sad,2,2,2
DY,DY003,well I need help during it.,sad,sad,sad,2,2,2,sad,sad,sad,2,2,2
DY,DY004,so why would you pick me? Oh.. I got it. I had this shortest skirt  huh?,hap,sad,hap,1,2,1,hap,hap,hap,1,1,1
DY,DY005,oh actually no there was one with a shorter skirt but he was never a candy striper.,hap,neu,hap,1,3,1,hap,hap,hap,1,1,1
DY,DY006,Victor at all life could offer except the one thing he needed.,neu,neu,sad,3,3,2,neu,neu,neu,3,3,3
DY,DY007,I don't think I can deal with this.,sad,sad,sad,2,2,2,sad,sad,sad,2,2,2
DY,DY008,I'm not going to die  I am going to recover but I can't do it without help  I can't do it without you.,sad,neu,sad,2,3,2,sad,sad,sad,2,2,2
DY,DY009,for them the best medicine in life is knowing that there's hope.,neu,hap,neu,3,1,3,neu,neu,neu,3,3,3
DY,DY010,we deserve an adventure.,hap,neu,hap,1,3,1,hap,neu,hap,1,3,1
DY,DY011,why don't you drive? ,hap,neu,neu,1,3,3,hap,neu,neu,1,3,3
DY,DY012,no please don't do that Hilary.,ang,ang,ang,0,0,0,ang,ang,ang,0,0,0
DY,DY013,he's very sick and I don't know how to help him.,sad,sad,sad,2,2,2,sad,sad,sad,2,2,2
DY,DY014,Where's my son?,ang,ang,ang,0,0,0,ang,ang,ang,0,0,0
DY,DY015,I think you need to come get him now.,sad,ang,neu,2,0,3,sad,sad,sad,2,2,2
DY,DY016,I'd like to hide away here  too  with a beautiful girl. It's the enchanted cottage.,hap,hap,hap,1,1,1,hap,hap,hap,1,1,1
DY,DY017,I'm taking you back.,sad,sad,ang,2,2,0,sad,sad,sad,2,2,2
DY,DY018,Do you love me?,hap,ang,hap,1,0,1,hap,hap,hap,1,1,1
DY,DY019,What?,oth,hap,neu,-1,1,3,neu,neu,neu,3,3,3
DY,DY020,Just tell me. ,neu,neu,neu,3,3,3,neu,neu,neu,3,3,3
DY,DY021,"You want me to tell you I love you? Then you can say  ""Well  great. Now I'm gonna die and I'm gonna leave you.""",sad,sad,sad,2,2,2,sad,sad,sad,2,2,2
DY,DY022,Do you think I want to die ? ,sad,ang,sad,2,0,2,sad,sad,sad,2,2,2
DY,DY023,I need a life. I have a life with you. ,sad,hap,hap,2,1,1,hap,hap,hap,1,1,1
DY,DY024,Most people live a lifetime and never love like this.,neu,hap,hap,3,1,1,hap,hap,hap,1,1,1
RO,RO001,"Special forces, huh? Huh?",neu,neu,neu,3,3,3,neu,neu,neu,3,3,3
RO,RO002,Yes Sir.,neu,neu,neu,3,3,3,neu,neu,neu,3,3,3
RO,RO003,"Oh, you're on leave. I hope you're enjoying yourself.",hap,neu,neu,1,3,3,neu,neu,neu,3,3,3
RO,RO004,"Yeah, I think I am.",hap,neu,neu,1,3,3,neu,neu,neu,3,3,3
RO,RO005,Full moon tonight.,hap,oth,hap,1,-1,1,hap,hap,hap,1,1,1
RO,RO006,"Actually doesn't matter where you are in the world, it's never bigger than your thumb.",hap,neu,hap,1,3,1,hap,hap,hap,1,1,1
RO,RO007,Hey pop. Got somebody I want you to meet.,hap,neu,hap,1,3,1,hap,hap,hap,1,1,1
RO,RO008,"I like you're dad, he loves you. I can tell even if you can't.",hap,hap,hap,1,1,1,hap,hap,hap,1,1,1
RO,RO009,The way people act around you it's like they're scared of you.,neu,neu,neu,3,3,3,neu,neu,neu,3,3,3
RO,RO010,Want you to get your hands off me.,ang,ang,ang,0,0,0,ang,ang,ang,0,0,0
RO,RO011,What if you're scared of what I used to be.,sad,sad,sad,2,2,2,sad,sad,sad,2,2,2
RO,RO012,You don't scare me John.,hap,oth,neu,1,-1,3,sad,sad,sad,2,2,2
RO,RO013,Well you scare me.,sad,oth,neu,2,-1,3,ang,ang,ang,0,0,0
RO,RO014,I gotta go back.,sad,neu,sad,2,3,2,sad,sad,sad,2,2,2
RO,RO015,Just like that.,ang,ang,ang,0,0,0,sad,sad,sad,2,2,2
RO,RO016,So where are they gonna send you? Right in the middle of it all?,sad,neu,ang,2,3,0,sad,sad,sad,2,2,2
RO,RO017,I'll see you soon.,sad,neu,sad,2,3,2,sad,sad,sad,2,2,2
RO,RO018,I'll see you soon then.,sad,neu,sad,2,3,2,sad,sad,sad,2,2,2
RO,RO019,"Dear John, tell me everything write it all down. That way. We'll be with each other all the time, even if we're not with each other at all.",neu,oth,sad,3,-1,2,neu,neu,neu,3,3,3
RO,RO020,"It's a full moon here tonight, which makes me think of you. Half a world away.",hap,sad,sad,1,2,2,neu,neu,neu,3,3,3
RO,RO021,Letter number 8.,neu,neu,neu,3,3,3,neu,neu,neu,3,3,3
RO,RO022,Letter number 33.,neu,neu,neu,3,3,3,sad,sad,sad,2,2,2
RO,RO023,Dear John.,neu,neu,neu,3,3,3,neu,neu,neu,3,3,3
RO,RO024,I miss you so much. It hurts,sad,sad,sad,2,2,2,sad,sad,sad,2,2,2
RO,RO025,Request for permission to extend my tour sir.,ang,neu,neu,0,3,3,sad,sad,sad,2,2,2
RO,RO026,You've decided you're going back.,hap,sad,sad,1,2,2,sad,sad,sad,2,2,2
RO,RO027,"All I know is I want to stay here with you as long as I possibly can and I need you to tell me, I don't...",sad,neu,sad,2,3,2,hap,hap,hap,1,1,1
RO,RO028,A lot can happen in 12 months John.,sad,neu,sad,2,3,2,neu,neu,neu,3,3,3
RO,RO029,Tonight you're here with me.,hap,hap,sad,1,1,2,neu,neu,neu,3,3,3
RO,RO030,My dad and I used to come out here. Lay down watch the lights change watch them go from green to red to yellow. You could try it if you wanted to.,hap,neu,neu,1,3,3,neu,neu,neu,3,3,3
RO,RO031,No.,neu,neu,neu,3,3,3,neu,neu,neu,3,3,3
RO,RO032,That's your problem. You don't do what you want.,neu,ang,oth,3,0,-1,neu,neu,neu,3,3,3
RO,RO033,Okay. And what happens if a car comes?,neu,neu,oth,3,3,-1,hap,hap,hap,1,1,1
RO,RO034,We die.,neu,neu,neu,3,3,3,hap,hap,hap,1,1,1
RO,RO035,"Some of  romances, there's shooting stars. Spectacular moment of light from the heavens.",hap,hap,hap,1,1,1,hap,neu,hap,1,3,1
RO,RO036,You just tell what you want I'm gonna be that for you.,hap,hap,hap,1,1,1,hap,hap,neu,1,1,3
RO,RO037,Leaving glimpse of eternity.,hap,neu,hap,1,3,1,hap,hap,hap,1,1,1
RO,RO038,"Windsor plantation, I'm gonna buy it one day, I'm gonna fix it up.",hap,hap,neu,1,1,3,neu,neu,neu,3,3,3
RO,RO039,"Well, what about me?",hap,hap,hap,1,1,1,hap,hap,hap,1,1,1
RO,RO040,What do you want?,hap,neu,neu,1,3,3,hap,hap,hap,1,1,1
RO,RO041,"I want a white house, with blue shutters.",hap,hap,hap,1,1,1,hap,hap,hap,1,1,1
RO,RO042,Okay.,hap,neu,hap,1,3,1,hap,hap,hap,1,1,1
RO,RO043,Do you promise?,hap,neu,hap,1,3,1,ang,ang,ang,0,0,0
RO,RO044,I promise.,hap,neu,hap,1,3,1,ang,ang,ang,0,0,0
RO,RO045,You sent the police for me?,ang,ang,ang,0,0,0,sad,sad,sad,2,2,2
RO,RO046,It is 2:00 in the morning we sent the police.,ang,ang,ang,0,0,0,ang,ang,ang,0,0,0
RO,RO047," Mrs. Hamilton, all of these is my fault.",ang,sad,sad,0,2,2,ang,ang,ang,0,0,0
RO,RO048,"He's a nice boy, but he's...",hap,oth,ang,1,-1,0,ang,ang,ang,0,0,0
RO,RO049,He's what?,ang,ang,ang,0,0,0,sad,sad,sad,2,2,2
RO,RO050,He is trash trash trash not for you.,ang,ang,ang,0,0,0,hap,hap,hap,1,1,1
RO,RO051,"If you are not to see him anymore, and that's fine.",ang,neu,ang,0,3,0,hap,hap,hap,1,1,1
RO,RO052,"He understands, it's hard, but he really does.",sad,neu,sad,2,3,2,hap,hap,hap,1,1,1
RO,RO053,"Moods of plantation, dream house, would be able to get it now?",hap,sad,hap,1,2,1,sad,sad,sad,2,2,2
RO,RO054,"I think a lot about why we should get married. I love you, marry me.",hap,hap,hap,1,1,1,sad,sad,sad,2,2,2
RO,RO055,Hello.,hap,hap,hap,1,1,1,neu,neu,neu,3,3,3
RO,RO056,We really loved each other didn't we.,hap,sad,sad,1,2,2,ang,ang,ang,0,0,0
RO,RO057,I hope you make the right choice.,sad,neu,sad,2,3,2,ang,ang,ang,0,0,0
RO,RO058,Gandhi said whatever you do in life will be insignificant. It's very important that you do.,hap,neu,neu,1,3,3,neu,neu,neu,3,3,3
RO,RO059,Officer those two we're just trying to stop it.,ang,neu,ang,0,3,0,ang,ang,ang,0,0,0
RO,RO060,Go home.,ang,ang,ang,0,0,0,ang,ang,ang,0,0,0
RO,RO061,I tend to agree with the first part.,neu,neu,neu,3,3,3,sad,sad,sad,2,2,2
RO,RO062, You could do worse than have a father who bails you out of jail.,ang,neu,ang,0,3,0,neu,neu,neu,3,3,3
RO,RO063,I don't want to be bailed out of anything.,ang,neu,ang,0,3,0,ang,ang,ang,0,0,0
RO,RO064,Why do you think that doesn't want to spend time with me.,sad,sad,sad,2,2,2,ang,ang,ang,0,0,0
RO,RO065,"She knows I'll take care of her, that's all there is Tyler.",sad,neu,neu,2,3,3,neu,neu,neu,3,3,3
RO,RO066,"That's all there is, not enough.",ang,sad,ang,0,2,0,neu,neu,neu,3,3,3
RO,RO067, You know you can't smoke in here.,ang,hap,ang,0,1,0,ang,ang,ang,0,0,0
RO,RO068,What? why do you have an ashtray?,neu,oth,oth,3,-1,-1,ang,ang,ang,0,0,0
RO,RO069,"It's a bowl, it completes the room.",neu,neu,neu,3,3,3,neu,neu,neu,3,3,3
RO,RO070, I guess it was just here to teach me.,neu,oth,neu,3,-1,3,neu,neu,neu,3,3,3
RO,RO071,"You put it ghost a past couple of weeks, all right. You didn't want to go out any more.",ang,ang,ang,0,0,0,neu,neu,neu,3,3,3
RO,RO072," I had enough of this introvert stuff, okay. I already set an intervention here.",ang,ang,ang,0,0,0,neu,neu,neu,3,3,3
RO,RO073,He had got a daughter.,ang,oth,oth,0,-1,-1,neu,neu,neu,3,3,3
RO,RO074,Who's got a daughter?,neu,oth,neu,3,-1,3,hap,hap,hap,1,1,1
RO,RO075,"The cop that busted your face all up, he's got a daughter.",ang,neu,neu,0,3,3,neu,neu,neu,3,3,3
RO,RO076, I know her she's in my global politics class.,neu,neu,neu,3,3,3,neu,neu,neu,3,3,3
RO,RO077,Go get her.,neu,oth,neu,3,-1,3,neu,neu,neu,3,3,3
RO,RO078,I I don't date sociology majors.,neu,neu,oth,3,3,-1,neu,neu,neu,3,3,3
RO,RO079,"Lucky for you, I'm I'm undecided.",hap,hap,hap,1,1,1,hap,hap,hap,1,1,1
RO,RO080,About what?,neu,neu,neu,3,3,3,hap,hap,hap,1,1,1
RO,RO081,Of everything.,hap,neu,neu,1,3,3,hap,hap,hap,1,1,1
RO,RO082,What desserts do you have?,neu,neu,neu,3,3,3,neu,neu,neu,3,3,3
RO,RO083, I have my dessert first.,hap,neu,neu,1,3,3,neu,neu,neu,3,3,3
RO,RO084,What is that?,hap,oth,hap,1,-1,1,neu,neu,neu,3,3,3
RO,RO085,This is our appetizer.,hap,hap,neu,1,1,3,neu,neu,neu,3,3,3
RO,RO086,That's my chicks dig...You man they love this freaky poetic stuff.,hap,hap,hap,1,1,1,ang,ang,ang,0,0,0
RO,RO087,Charles it's your son.,neu,neu,neu,3,3,3,ang,ang,ang,0,0,0
RO,RO088,"Yeah, I was wondering if you wanna have dinner.",hap,neu,neu,1,3,3,neu,neu,neu,3,3,3
RO,RO089,How many?,neu,oth,neu,3,-1,3,neu,neu,neu,3,3,3
RO,RO090,Three.,neu,neu,neu,3,3,3,neu,neu,neu,3,3,3
RO,RO091,"Can stand me up, but he can't stand you up.",ang,neu,ang,0,3,0,neu,neu,neu,3,3,3
RO,RO092,You gonna take care of nothing! You're irresponsible for no one! You're a kid!,ang,ang,ang,0,0,0,ang,ang,ang,0,0,0
RO,RO093,I'm going out.,neu,neu,neu,3,3,3,sad,sad,sad,2,2,2
RO,RO094,Where are you going?,neu,neu,neu,3,3,3,neu,neu,neu,3,3,3
RO,RO095,A boy from school.,neu,neu,neu,3,3,3,neu,neu,neu,3,3,3
RO,RO096,"You're kind of lost, don't you?",hap,neu,neu,1,3,3,neu,neu,neu,3,3,3
RO,RO097,"You think you know me, you know.",ang,neu,ang,0,3,0,hap,hap,hap,1,1,1
RO,RO098,My dad just doesn't know what's going on right now.,sad,sad,sad,2,2,2,hap,hap,hap,1,1,1
RO,RO099,What's going on right now?,neu,oth,neu,3,-1,3,neu,neu,neu,3,3,3
RO,RO100,"Someone's been trying to tell me something, make your yours forever. No marking on the forever part.",hap,neu,neu,1,3,3,neu,neu,neu,3,3,3
RO,RO101,You do not like this song.,hap,neu,neu,1,3,3,sad,sad,sad,2,2,2
RO,RO102,You have to turn it off.,hap,hap,hap,1,1,1,sad,sad,sad,2,2,2
RO,RO103,Please stop.,hap,hap,neu,1,1,3,ang,ang,ang,0,0,0
RO,RO104,"Life's all about moments of impact, but what if one day you could no longer remember any of them.",sad,neu,neu,2,3,3,neu,neu,neu,3,3,3
RO,RO105,Paige you're in the hospital you were in a car accident.,neu,neu,neu,3,3,3,hap,hap,hap,1,1,1
RO,RO106,Are you in any pain?,sad,sad,sad,2,2,2,hap,neu,hap,1,3,1
RO,RO107,My head hurts doctor.,sad,sad,sad,2,2,2,sad,sad,sad,2,2,2
RO,RO108,She doesn't remember me!,ang,ang,ang,0,0,0,sad,sad,sad,2,2,2
RO,RO109,Her memory is going to improve with time.,neu,neu,neu,3,3,3,neu,neu,neu,3,3,3
RO,RO110,Surprise!,hap,hap,hap,1,1,1,neu,neu,neu,3,3,3
RO,RO111,We miss you.,hap,neu,hap,1,3,1,sad,sad,sad,2,2,2
RO,RO112,"Coming home to life, I don't know that's a lot to take in.",sad,sad,sad,2,2,2,neu,neu,neu,3,3,3
RO,RO113,We'll figure this out together.,sad,oth,sad,2,-1,2,neu,neu,neu,3,3,3
RO,RO114,Good morning.,hap,neu,neu,1,3,3,neu,neu,neu,3,3,3
RO,RO115,What?,neu,neu,neu,3,3,3,neu,neu,neu,3,3,3
RO,RO116,Please knock.,oth,oth,oth,-1,-1,-1,sad,sad,sad,2,2,2
RO,RO117,"This's habit, I'm sorry",sad,oth,sad,2,-1,2,hap,hap,hap,1,1,1
RO,RO118,The last memory that I have is being engaged to Jeremy.,neu,oth,oth,3,-1,-1,sad,sad,sad,2,2,2
RO,RO119,Hi.,ang,sad,neu,0,2,3,neu,neu,neu,3,3,3
RO,RO120,Hi. I'm sorry. This is ah...,hap,neu,neu,1,3,3,ang,ang,ang,0,0,0
RO,RO121,Jeremy.,ang,neu,neu,0,3,3,ang,ang,ang,0,0,0
RO,RO122,Been a long time.,neu,neu,oth,3,3,-1,sad,sad,sad,2,2,2
RO,RO123,I need to make my wife fall in love with me again. I want to ask you out on a date.,sad,oth,sad,2,-1,2,sad,sad,sad,2,2,2
RO,RO124,This is the exact parking spot where we first met.,hap,neu,hap,1,3,1,sad,sad,sad,2,2,2
RO,RO125,I know you remember what we were like together.,hap,sad,sad,1,2,2,sad,sad,sad,2,2,2
RO,RO126,"You like this, right?",hap,neu,neu,1,3,3,neu,neu,neu,3,3,3
RO,RO127,I'm trying!,ang,ang,ang,0,0,0,neu,neu,neu,3,3,3
RO,RO128,To save what we have.,ang,ang,ang,0,0,0,neu,neu,neu,3,3,3
RO,RO129,I'm not trying to hurt you.,sad,sad,sad,2,2,2,hap,hap,hap,1,1,1
RO,RO130,"I miss our life together, I miss being with you.",sad,sad,sad,2,2,2,neu,neu,neu,3,3,3
RO,RO131,I hope one day I can love the way that you love me.,sad,sad,sad,2,2,2,neu,neu,neu,3,3,3
RO,RO132,"You figured it out once, you'll do it again.",sad,sad,sad,2,2,2,neu,neu,neu,3,3,3
RO,RO133,New York has lost its soul.,neu,oth,neu,3,-1,3,neu,neu,neu,3,3,3
RO,RO134,He's decided to hate where he's from.,ang,neu,neu,0,3,3,hap,hap,hap,1,1,1
RO,RO135,There's a John Varvatos where CGB's used to be.,neu,neu,neu,3,3,3,sad,sad,sad,2,2,2
RO,RO136,That's true.,hap,neu,hap,1,3,1,ang,ang,ang,0,0,0
RO,RO137,New York's most vibrant neighborhood at the moment is Philadelphia.,hap,neu,neu,1,3,3,neu,neu,neu,3,3,3
RO,RO138,W.F. Gerald. I just moved into 2-b.,neu,neu,neu,3,3,3,neu,neu,neu,3,3,3
RO,RO139,Thomas Webb.,neu,neu,neu,3,3,3,neu,neu,neu,3,3,3
RO,RO140,"Why so troubled, Thomas?",oth,oth,oth,-1,-1,-1,ang,ang,ang,0,0,0
RO,RO141,I'm having a bad day.,ang,oth,oth,0,-1,-1,neu,neu,neu,3,3,3
RO,RO142,What's her name?,neu,neu,neu,3,3,3,ang,ang,ang,0,0,0
RO,RO143,I'm crazy about you.,hap,hap,hap,1,1,1,ang,ang,ang,0,0,0
RO,RO144,I'm crazy about you but...,hap,neu,oth,1,3,-1,neu,neu,neu,3,3,3
RO,RO145,"But, don't say his friends.",sad,sad,ang,2,2,0,neu,neu,neu,3,3,3
RO,RO146,Why?! Why is that so bad?,ang,ang,ang,0,0,0,neu,neu,neu,3,3,3
RO,RO147,What you need to do just make her afraid of something more than being with you.,neu,neu,oth,3,3,-1,ang,ang,ang,0,0,0
RO,RO148,Which is..,neu,oth,oth,3,-1,-1,neu,neu,neu,3,3,3
RO,RO149,Not being with you.,hap,neu,neu,1,3,3,ang,ang,ang,0,0,0
RO,RO150,How am I supposed to do that?,ang,oth,oth,0,-1,-1,neu,neu,neu,3,3,3
RO,RO151,"Let life take over, find a window and bounce.",neu,neu,neu,3,3,3,neu,neu,neu,3,3,3
RO,RO152,What's my father doing here?,neu,oth,oth,3,-1,-1,neu,neu,neu,3,3,3
RO,RO153,Who's he with?,neu,neu,oth,3,3,-1,neu,neu,neu,3,3,3
RO,RO154, I don't know. It's not my mother.,ang,oth,oth,0,-1,-1,ang,ang,ang,0,0,0
RO,RO155,"That's her, the other woman.",oth,oth,neu,-1,-1,3,ang,ang,ang,0,0,0
RO,RO156,Excuse me! Do you know who I am?,ang,neu,ang,0,3,0,neu,neu,neu,3,3,3
RO,RO157,Yes I do.,ang,neu,neu,0,3,3,neu,neu,neu,3,3,3
RO,RO158,You do?,oth,oth,neu,-1,-1,3,neu,neu,neu,3,3,3
RO,RO159,You're the boy who follows me. You're also Ethan's son.,ang,neu,ang,0,3,0,neu,neu,neu,3,3,3
RO,RO160,"You think you're gonna steal him away from my mother, and get any man you want to sit.",ang,neu,ang,0,3,0,neu,neu,neu,3,3,3
RO,RO161,Could I get you?,hap,neu,oth,1,3,-1,sad,sad,sad,2,2,2
RO,RO162,What?,oth,oth,ang,-1,-1,0,ang,ang,ang,0,0,0
RO,RO163,She's not like anyone I've ever met.,hap,oth,oth,1,-1,-1,sad,sad,sad,2,2,2
RO,RO164,People do things all the time without realizing.,neu,neu,neu,3,3,3,neu,neu,neu,3,3,3
RO,RO165,"Yeah, what am I doing?",neu,neu,neu,3,3,3,neu,neu,neu,3,3,3
RO,RO166, You're trying to make love to me.,hap,oth,oth,1,-1,-1,neu,neu,neu,3,3,3
RO,RO167,I'm trying to make love to you?,oth,oth,ang,-1,-1,0,hap,hap,hap,1,1,1
RO,RO168,We're you?,neu,oth,neu,3,-1,3,hap,hap,hap,1,1,1
RO,RO169,What kind of a question is that?,ang,oth,ang,0,-1,0,hap,hap,hap,1,1,1
RO,RO170,She's a beautiful woman.,hap,oth,neu,1,-1,3,neu,neu,neu,3,3,3
RO,RO171,She's sleeping with my father.,ang,oth,ang,0,-1,0,neu,neu,neu,3,3,3
RO,RO172,You're being really obvious.,neu,neu,neu,3,3,3,hap,hap,hap,1,1,1
RO,RO173,You're an innocent Thomas and you've got no idea how the world works.,hap,neu,neu,1,3,3,hap,hap,hap,1,1,1
RO,RO174,I know some things.,neu,oth,neu,3,-1,3,hap,hap,hap,1,1,1
RO,RO175,Like what?,neu,neu,neu,3,3,3,hap,hap,hap,1,1,1
RO,RO176,Did you sleep with her?,sad,sad,ang,2,2,0,sad,sad,sad,2,2,2
RO,RO177,Why do you care?,ang,neu,ang,0,3,0,sad,sad,sad,2,2,2
RO,RO178,In life what is it that you want?,neu,neu,ang,3,3,0,sad,sad,sad,2,2,2
RO,RO179,Is there anything I should know? Anything you want to tell me.,neu,neu,neu,3,3,3,sad,sad,sad,2,2,2
RO,RO180,You want something more here.,neu,neu,neu,3,3,3,sad,sad,sad,2,2,2
RO,RO181,Something more what?,neu,neu,neu,3,3,3,sad,sad,sad,2,2,2
RO,RO182,Provocative.,neu,neu,neu,3,3,3,sad,sad,sad,2,2,2
RO,RO183,Things have gotten messy.,sad,neu,sad,2,3,2,hap,hap,hap,1,1,1
RO,RO184," You are just like them. They won, Thomas.",ang,sad,ang,0,2,0,hap,hap,hap,1,1,1
RO,RO185,"I want to bail, but I can't.",sad,sad,sad,2,2,2,hap,hap,hap,1,1,1
RO,RO186,"But then you know, the only way out is truth.",neu,neu,neu,3,3,3,hap,hap,hap,1,1,1
RO,RO187,It's as random as it is deliberate. Funny as it is tragic.,neu,neu,neu,3,3,3,hap,hap,hap,1,1,1
RO,RO188,Yours is no exception.,neu,neu,neu,3,3,3,neu,neu,neu,3,3,3
RP,RP001,Yes! Oh my God Shea and I won working together.,hap,hap,hap,1,1,1,neu,neu,neu,3,3,3
RP,RP002,"Finally, a win!",hap,hap,hap,1,1,1,sad,sad,sad,2,2,2
RP,RP003,"I am so happy, yes!",hap,hap,hap,1,1,1,ang,ang,ang,0,0,0
RP,RP004,"We've had three challenges, I've been safe the whole time.",hap,neu,neu,1,3,3,sad,sad,sad,2,2,2
RP,RP005,"And while I feel confident that I've turned some really cool looks so far, being safe is a scary place 'cause you don t know if you're forgettable or if you're just doing well and coasting through the competition.",hap,neu,neu,1,3,3,sad,sad,sad,2,2,2
RP,RP006,What a solid team. And also con-drag-ulations to Aja for picking such a good group of girls.,hap,hap,hap,1,1,1,sad,sad,sad,2,2,2
RP,RP007,"Well honestly, this is a wake up call for me in so many ways.",hap,sad,hap,1,2,1,ang,ang,ang,0,0,0
RP,RP008,"Like I've just felt so in my head and I feel so good right now, I listened to the critiques.",hap,sad,hap,1,2,1,neu,neu,neu,3,3,3
RP,RP009,"You are so beautiful and you are just like accentuating that in the full, true queen that you are.",hap,neu,hap,1,3,1,neu,neu,neu,3,3,3
RP,RP010,It's just really hard to like embrace like my natural features because like all my life I've just been told that I was ugly for my natural features.,neu,sad,sad,3,2,2,neu,neu,neu,3,3,3
RP,RP011,"And when I first started doing drag like, you know, like if I were to paint like a face like Farrah's or Valentina's is very soft and blended, people come up to me and be like ""Oh what are you doing? Like you look ugly. Like nothing's gonna help that face, like oh you need fillers. Oh you need this, you need that.""",neu,sad,sad,3,2,2,neu,neu,neu,3,3,3
RP,RP012,"Like you know, people would make fun of my skin. And like my scars.",neu,sad,sad,3,2,2,sad,sad,sad,2,2,2
RP,RP013,I've always struggled with the idea of beauty.,neu,sad,sad,3,2,2,ang,ang,ang,0,0,0
RP,RP014,Because there's such a pressure to fit a certain image.,neu,sad,sad,3,2,2,ang,ang,ang,0,0,0
RP,RP015,"And the reality is, we don t have to fit the image.",neu,sad,sad,3,2,2,ang,ang,ang,0,0,0
RP,RP016,"Beauty has no identity, so I have to feel confident and maybe channel that in myself.",neu,sad,sad,3,2,2,ang,ang,ang,0,0,0
RP,RP017,It feels really good because last week I was in a dark place.,hap,ang,hap,1,0,1,ang,ang,ang,0,0,0
RP,RP018,"Being that constructing clothes is like you know, my trade.",hap,ang,hap,1,0,1,ang,ang,ang,0,0,0
RP,RP019,I at least wanted to be in the top.,hap,ang,hap,1,0,1,ang,ang,ang,0,0,0
RP,RP020,"And then to just be safe, I was like-- And I didn t even look on the bright side that I was at least moving forward in the competition.",hap,ang,hap,1,0,1,ang,ang,ang,0,0,0
RP,RP021,It wasn t like I was lip syncing. You know what I'm saying?,hap,ang,hap,1,0,1,ang,ang,ang,0,0,0
RP,RP022,So it's all about perspective and I think that as long as we can all maintain that and realize that we are like here for a reason that we just have to do our best.,hap,neu,neu,1,3,3,ang,ang,ang,0,0,0
RP,RP023,I think that we'll all be really successful going forward in the competition.,hap,neu,neu,1,3,3,ang,ang,ang,0,0,0
RP,RP024,Oh God.,sad,sad,oth,2,2,-1,ang,ang,ang,0,0,0
RP,RP025,I don t want to think about it.,neu,ang,ang,3,0,0,ang,ang,ang,0,0,0
RP,RP026,I don t want to see Peppermint go.,ang,sad,sad,0,2,2,ang,ang,ang,0,0,0
RP,RP027,'Cause I love Peppermint's energy so much.,hap,sad,sad,1,2,2,ang,ang,ang,0,0,0
RP,RP028,I can't imagine this group of girls without her.,sad,sad,sad,2,2,2,ang,ang,ang,0,0,0
RP,RP029,She wasn t a good group leader.,neu,ang,ang,3,0,0,ang,ang,ang,0,0,0
RP,RP030,Well I chose Trinity 'cause she was our team captain.,ang,neu,neu,0,3,3,ang,ang,ang,0,0,0
RP,RP031,Also because of the critiques that they got as anchors.,ang,neu,neu,0,3,3,ang,ang,ang,0,0,0
RP,RP032,"And I chose you over Peppermint only because to me, as a leader, you automatically get more responsibility for something going wrong, especially if it's your group.",ang,neu,neu,0,3,3,ang,ang,ang,0,0,0
RP,RP033,You see what I'm saying?,ang,neu,neu,0,3,3,ang,ang,ang,0,0,0
RP,RP034,I'm not upset that you picked me at all. I completely--,sad,sad,sad,2,2,2,ang,ang,ang,0,0,0
RP,RP035,Well you retaliated like you were pretty upset.,ang,ang,ang,0,0,0,ang,ang,ang,0,0,0
RP,RP036,I take responsibility for the things that I did wrong in our segment.,ang,ang,ang,0,0,0,hap,hap,hap,1,1,1
RP,RP037,"But what I don t agree with, and what I think you're very shady about--",ang,ang,ang,0,0,0,neu,neu,neu,3,3,3
RP,RP038,It's not shady if it's true.,ang,ang,ang,0,0,0,neu,neu,neu,3,3,3
RP,RP039,You said that I was not a good leader.,ang,sad,ang,0,2,0,neu,neu,neu,3,3,3
RP,RP040,"I was a good leader, yes we ran out of time and we did not get to do it all together.",ang,sad,ang,0,2,0,ang,ang,ang,0,0,0
RP,RP041,"But that wasn t just my fault, we were working as a team.",ang,sad,ang,0,2,0,ang,ang,ang,0,0,0
RP,RP042,That is why you're shady.,ang,sad,ang,0,2,0,ang,ang,ang,0,0,0
RP,RP043,Am I shady?,ang,sad,ang,0,2,0,ang,ang,ang,0,0,0
RP,RP044,Because I feel like you want to immediately want to go to shady versus stepping up and accepting responsibility.,ang,sad,ang,0,2,0,ang,ang,ang,0,0,0
RP,RP045,You're making it about something else that it's not.,ang,ang,ang,0,0,0,ang,ang,ang,0,0,0
RP,RP046,"When we sat down, I felt like it was, ""Well me and Peppermint are the anchors, they're gonna do this 'cause they want to do that. Nina, Eureka, y'all are dong D.I.Y.""",ang,neu,oth,0,3,-1,neu,neu,neu,3,3,3
RP,RP047,No. You're done because I'm gonna tell you why you're done.,ang,ang,ang,0,0,0,neu,neu,neu,3,3,3
RP,RP048,I explained exactly why I picked you for that role and Cucu for that role.,ang,ang,ang,0,0,0,neu,neu,neu,3,3,3
RP,RP049,They could have objected and we could have talked it out.,ang,ang,ang,0,0,0,hap,hap,hap,1,1,1
RP,RP050,So don't stand on the stage and say I didn t do my job because I did.,ang,ang,ang,0,0,0,hap,hap,hap,1,1,1
RP,RP051,"That I should take responsibility and I should be on the bottom because I'm the leader, I can do that.",ang,ang,ang,0,0,0,,,,,,
RP,RP052,But don t say I didn t do my job!,ang,ang,ang,0,0,0,,,,,,
RP,RP053,I felt like I wasn t included.,ang,sad,neu,0,2,3,,,,,,
RP,RP054,You and Peppermint--,ang,sad,neu,0,2,3,,,,,,
RP,RP055,You always think you're not included.,ang,ang,ang,0,0,0,,,,,,
RP,RP056,"You think I don t know, I know you.",ang,ang,ang,0,0,0,,,,,,
RP,RP057,You don t know me baby.,ang,sad,ang,0,2,0,,,,,,
RP,RP058,"Well she successfully was put back into place, honey.",hap,hap,hap,1,1,1,,,,,,
RP,RP059,"Trinity, I want to know if you like actually cared about what your group thought and let them pick what they wanted to do.",neu,neu,oth,3,3,-1,,,,,,
RP,RP060,"Because our group, we did so well because Aja let us read through all the parts and like pick what we felt like we would be strong as.",neu,neu,oth,3,3,-1,,,,,,
RP,RP061,We all did parts that we related to.,neu,neu,oth,3,3,-1,,,,,,
RP,RP062,"'Cause the word that was thrown around in the work room, and I'm just gonna be real, was that you were a dictator.",ang,ang,oth,0,0,-1,,,,,,
RP,RP063,"Well this is the part about being a leader, is that you have to make decisions.",ang,ang,oth,0,0,-1,,,,,,
RP,RP064,So I made decisions based on the personalities of the people and what I thought that they would excel at.,ang,ang,oth,0,0,-1,,,,,,
RP,RP065,She obviously is a crafty queen.,ang,ang,oth,0,0,-1,,,,,,
RP,RP066,She makes sickening stuff out of paper.,ang,ang,oth,0,0,-1,,,,,,
RP,RP067,Why would she not excel in that aspect?,ang,ang,oth,0,0,-1,,,,,,
RP,RP068,"I knew that her personality with the way Eureka's personality is, they would be able to interact really well together.",neu,neu,neu,3,3,3,,,,,,
RP,RP069,It just sounds like dictator-y.,neu,neu,neu,3,3,3,,,,,,
RP,RP070,"I think it's your look. You have a very serious like bitch, don t fuck with me.",neu,neu,neu,3,3,3,,,,,,
RP,RP071,I've got fifty units of Botox in my face girl!,neu,sad,hap,3,2,1,,,,,,
RP,RP072,I don t know what y'all want from me.,neu,sad,hap,3,2,1,,,,,,
,TEOA001,say the word back,,,,,,,,,,,,
,TEOA002,say the word bar,,,,,,,,,,,,
,TEOA003,say the word base,,,,,,,,,,,,
,TEOA004,say the word bath,,,,,,,,,,,,
,TEOA005,say the word bean,,,,,,,,,,,,
,TEOA006,say the word beg,,,,,,,,,,,,
,TEOA007,say the word bite,,,,,,,,,,,,
,TEOA008,say the word boat,,,,,,,,,,,,
,TEOA009,say the word bone,,,,,,,,,,,,
,TEOA010,say the word book,,,,,,,,,,,,
,TEOA011,say the word bought,,,,,,,,,,,,
,TEOA012,say the word burn,,,,,,,,,,,,
,TEOA013,say the word cab,,,,,,,,,,,,
,TEOA014,say the word calm,,,,,,,,,,,,
,TEOA015,say the word came,,,,,,,,,,,,
,TEOA016,say the word cause,,,,,,,,,,,,
,TEOA017,say the word chain,,,,,,,,,,,,
,TEOA018,say the word chair,,,,,,,,,,,,
,TEOA019,say the word chalk,,,,,,,,,,,,
,TEOA020,say the word chat,,,,,,,,,,,,
,TEOA021,say the word check,,,,,,,,,,,,
,TEOA022,say the word cheek,,,,,,,,,,,,
,TEOA023,say the word chief,,,,,,,,,,,,
,TEOA024,say the word choice,,,,,,,,,,,,
,TEOA025,say the word cool,,,,,,,,,,,,
,TEOA026,say the word dab,,,,,,,,,,,,
,TEOA027,say the word date,,,,,,,,,,,,
,TEOA028,say the word dead,,,,,,,,,,,,
,TEOA029,say the word death,,,,,,,,,,,,
,TEOA030,say the word deep,,,,,,,,,,,,
,TEOA031,say the word dime,,,,,,,,,,,,
,TEOA032,say the word dip,,,,,,,,,,,,
,TEOA033,say the word ditch,,,,,,,,,,,,
,TEOA034,say the word dodge,,,,,,,,,,,,
,TEOA035,say the word dog,,,,,,,,,,,,
,TEOA036,say the word doll,,,,,,,,,,,,
,TEOA037,say the word door,,,,,,,,,,,,
,TEOA038,say the word fail,,,,,,,,,,,,
,TEOA039,say the word fall,,,,,,,,,,,,
,TEOA040,say the word far,,,,,,,,,,,,
,TEOA041,say the word fat,,,,,,,,,,,,
,TEOA042,say the word fit,,,,,,,,,,,,
,TEOA043,say the word five,,,,,,,,,,,,
,TEOA044,say the word food,,,,,,,,,,,,
,TEOA045,say the word gap,,,,,,,,,,,,
,TEOA046,say the word gas,,,,,,,,,,,,
,TEOA047,say the word gaze,,,,,,,,,,,,
,TEOA048,say the word germ,,,,,,,,,,,,
,TEOA049,say the word get,,,,,,,,,,,,
,TEOA050,say the word gin,,,,,,,,,,,,
,TEOA051,say the word goal,,,,,,,,,,,,
,TEOA052,say the word good,,,,,,,,,,,,
,TEOA053,say the word goose,,,,,,,,,,,,
,TEOA054,say the word gun,,,,,,,,,,,,
,TEOA055,say the word half,,,,,,,,,,,,
,TEOA056,say the word hall,,,,,,,,,,,,
,TEOA057,say the word hash,,,,,,,,,,,,
,TEOA058,say the word hate,,,,,,,,,,,,
,TEOA059,say the word have,,,,,,,,,,,,
,TEOA060,say the word haze,,,,,,,,,,,,
,TEOA061,say the word hire,,,,,,,,,,,,
,TEOA062,say the word hit,,,,,,,,,,,,
,TEOA063,say the word hole,,,,,,,,,,,,
,TEOA064,say the word home,,,,,,,,,,,,
,TEOA065,say the word hurl,,,,,,,,,,,,
,TEOA066,say the word hush,,,,,,,,,,,,
,TEOA067,say the word jail,,,,,,,,,,,,
,TEOA068,say the word jar,,,,,,,,,,,,
,TEOA069,say the word join,,,,,,,,,,,,
,TEOA070,say the word judge,,,,,,,,,,,,
,TEOA071,say the word jug,,,,,,,,,,,,
,TEOA072,say the word juice,,,,,,,,,,,,
,TEOA073,say the word keen,,,,,,,,,,,,
,TEOA074,say the word keep,,,,,,,,,,,,
,TEOA075,say the word keg,,,,,,,,,,,,
,TEOA076,say the word kick,,,,,,,,,,,,
,TEOA077,say the word kill,,,,,,,,,,,,
,TEOA078,say the word king,,,,,,,,,,,,
,TEOA079,say the word kite,,,,,,,,,,,,
,TEOA080,say the word knock,,,,,,,,,,,,
,TEOA081,say the word late,,,,,,,,,,,,
,TEOA082,say the word laud,,,,,,,,,,,,
,TEOA083,say the word lean,,,,,,,,,,,,
,TEOA084,say the word learn,,,,,,,,,,,,
,TEOA085,say the word lease,,,,,,,,,,,,
,TEOA086,say the word lid,,,,,,,,,,,,
,TEOA087,say the word life,,,,,,,,,,,,
,TEOA088,say the word limb,,,,,,,,,,,,
,TEOA089,say the word live,,,,,,,,,,,,
,TEOA090,say the word loaf,,,,,,,,,,,,
,TEOA091,say the word long,,,,,,,,,,,,
,TEOA092,say the word lore,,,,,,,,,,,,
,TEOA093,say the word lose,,,,,,,,,,,,
,TEOA094,say the word lot,,,,,,,,,,,,
,TEOA095,say the word love,,,,,,,,,,,,
,TEOA096,say the word luck,,,,,,,,,,,,
,TEOA097,say the word make,,,,,,,,,,,,
,TEOA098,say the word match,,,,,,,,,,,,
,TEOA099,say the word merge,,,,,,,,,,,,
,TEOA100,say the word mess,,,,,,,,,,,,
,TEOA101,say the word met,,,,,,,,,,,,
,TEOA102,say the word mill,,,,,,,,,,,,
,TEOA103,say the word mob,,,,,,,,,,,,
,TEOA104,say the word mode,,,,,,,,,,,,
,TEOA105,say the word mood,,,,,,,,,,,,
,TEOA106,say the word moon,,,,,,,,,,,,
,TEOA107,say the word mop,,,,,,,,,,,,
,TEOA108,say the word mouse,,,,,,,,,,,,
,TEOA109,say the word nag,,,,,,,,,,,,
,TEOA110,say the word name,,,,,,,,,,,,
,TEOA111,say the word near,,,,,,,,,,,,
,TEOA112,say the word neat,,,,,,,,,,,,
,TEOA113,say the word nice,,,,,,,,,,,,
,TEOA114,say the word note,,,,,,,,,,,,
,TEOA115,say the word numb,,,,,,,,,,,,
,TEOA116,say the word pad,,,,,,,,,,,,
,TEOA117,say the word page,,,,,,,,,,,,
,TEOA118,say the word pain,,,,,,,,,,,,
,TEOA119,say the word pass,,,,,,,,,,,,
,TEOA120,say the word pearl,,,,,,,,,,,,
,TEOA121,say the word peg,,,,,,,,,,,,
,TEOA122,say the word perch,,,,,,,,,,,,
,TEOA123,say the word phone,,,,,,,,,,,,
,TEOA124,say the word pick,,,,,,,,,,,,
,TEOA125,say the word pike,,,,,,,,,,,,
,TEOA126,say the word pole,,,,,,,,,,,,
,TEOA127,say the word pool,,,,,,,,,,,,
,TEOA128,say the word puff,,,,,,,,,,,,
,TEOA129,say the word rag,,,,,,,,,,,,
,TEOA130,say the word raid,,,,,,,,,,,,
,TEOA131,say the word rain,,,,,,,,,,,,
,TEOA132,say the word raise,,,,,,,,,,,,
,TEOA133,say the word rat,,,,,,,,,,,,
,TEOA134,say the word reach,,,,,,,,,,,,
,TEOA135,say the word read,,,,,,,,,,,,
,TEOA136,say the word red,,,,,,,,,,,,
,TEOA137,say the word ring,,,,,,,,,,,,
,TEOA138,say the word ripe,,,,,,,,,,,,
,TEOA139,say the word road,,,,,,,,,,,,
,TEOA140,say the word room,,,,,,,,,,,,
,TEOA141,say the word rose,,,,,,,,,,,,
,TEOA142,say the word rot,,,,,,,,,,,,
,TEOA143,say the word rough,,,,,,,,,,,,
,TEOA144,say the word rush,,,,,,,,,,,,
,TEOA145,say the word said,,,,,,,,,,,,
,TEOA146,say the word sail,,,,,,,,,,,,
,TEOA147,say the word search,,,,,,,,,,,,
,TEOA148,say the word seize,,,,,,,,,,,,
,TEOA149,say the word sell,,,,,,,,,,,,
,TEOA150,say the word shack,,,,,,,,,,,,
,TEOA151,say the word shall,,,,,,,,,,,,
,TEOA152,say the word shawl,,,,,,,,,,,,
,TEOA153,say the word sheep,,,,,,,,,,,,
,TEOA154,say the word shirt,,,,,,,,,,,,
,TEOA155,say the word should,,,,,,,,,,,,
,TEOA156,say the word shout,,,,,,,,,,,,
,TEOA157,say the word size,,,,,,,,,,,,
,TEOA158,say the word soap,,,,,,,,,,,,
,TEOA159,say the word soup,,,,,,,,,,,,
,TEOA160,say the word sour,,,,,,,,,,,,
,TEOA161,say the word south,,,,,,,,,,,,
,TEOA162,say the word sub,,,,,,,,,,,,
,TEOA163,say the word such,,,,,,,,,,,,
,TEOA164,say the word sure,,,,,,,,,,,,
,TEOA165,say the word take,,,,,,,,,,,,
,TEOA166,say the word talk,,,,,,,,,,,,
,TEOA167,say the word tape,,,,,,,,,,,,
,TEOA168,say the word team,,,,,,,,,,,,
,TEOA169,say the word tell,,,,,,,,,,,,
,TEOA170,say the word thin,,,,,,,,,,,,
,TEOA171,say the word third,,,,,,,,,,,,
,TEOA172,say the word thought,,,,,,,,,,,,
,TEOA173,say the word thumb,,,,,,,,,,,,
,TEOA174,say the word time,,,,,,,,,,,,
,TEOA175,say the word tip,,,,,,,,,,,,
,TEOA176,say the word tire,,,,,,,,,,,,
,TEOA177,say the word ton,,,,,,,,,,,,
,TEOA178,say the word tool,,,,,,,,,,,,
,TEOA179,say the word tough,,,,,,,,,,,,
,TEOA180,say the word turn,,,,,,,,,,,,
,TEOA181,say the word vine,,,,,,,,,,,,
,TEOA182,say the word voice,,,,,,,,,,,,
,TEOA183,say the word void,,,,,,,,,,,,
,TEOA184,say the word vote,,,,,,,,,,,,
,TEOA185,say the word wag,,,,,,,,,,,,
,TEOA186,say the word walk,,,,,,,,,,,,
,TEOA187,say the word wash,,,,,,,,,,,,
,TEOA188,say the word week,,,,,,,,,,,,
,TEOA189,say the word wheat,,,,,,,,,,,,
,TEOA190,say the word when,,,,,,,,,,,,
,TEOA191,say the word which,,,,,,,,,,,,
,TEOA192,say the word whip,,,,,,,,,,,,
,TEOA193,say the word white,,,,,,,,,,,,
,TEOA194,say the word wife,,,,,,,,,,,,
,TEOA195,say the word wire,,,,,,,,,,,,
,TEOA196,say the word witch,,,,,,,,,,,,
,TEOA197,say the word yearn,,,,,,,,,,,,
,TEOA198,say the word yes,,,,,,,,,,,,
,TEOA199,say the word young,,,,,,,,,,,,
,TEOA200,say the word youth,,,,,,,,,,,,
,TEOA201,say the word back,,,,,,,,,,,,
,TEOA202,say the word bar,,,,,,,,,,,,
,TEOA203,say the word base,,,,,,,,,,,,
,TEOA204,say the word bath,,,,,,,,,,,,
,TEOA205,say the word bean,,,,,,,,,,,,
,TEOA206,say the word beg,,,,,,,,,,,,
,TEOA207,say the word bite,,,,,,,,,,,,
,TEOA208,say the word boat,,,,,,,,,,,,
,TEOA209,say the word bone,,,,,,,,,,,,
,TEOA210,say the word book,,,,,,,,,,,,
,TEOA211,say the word bought,,,,,,,,,,,,
,TEOA212,say the word burn,,,,,,,,,,,,
,TEOA213,say the word cab,,,,,,,,,,,,
,TEOA214,say the word calm,,,,,,,,,,,,
,TEOA215,say the word came,,,,,,,,,,,,
,TEOA216,say the word cause,,,,,,,,,,,,
,TEOA217,say the word chain,,,,,,,,,,,,
,TEOA218,say the word chair,,,,,,,,,,,,
,TEOA219,say the word chalk,,,,,,,,,,,,
,TEOA220,say the word chat,,,,,,,,,,,,
,TEOA221,say the word check,,,,,,,,,,,,
,TEOA222,say the word cheek,,,,,,,,,,,,
,TEOA223,say the word chief,,,,,,,,,,,,
,TEOA224,say the word choice,,,,,,,,,,,,
,TEOA225,say the word cool,,,,,,,,,,,,
,TEOA226,say the word dab,,,,,,,,,,,,
,TEOA227,say the word date,,,,,,,,,,,,
,TEOA228,say the word dead,,,,,,,,,,,,
,TEOA229,say the word death,,,,,,,,,,,,
,TEOA230,say the word deep,,,,,,,,,,,,
,TEOA231,say the word dime,,,,,,,,,,,,
,TEOA232,say the word dip,,,,,,,,,,,,
,TEOA233,say the word ditch,,,,,,,,,,,,
,TEOA234,say the word dodge,,,,,,,,,,,,
,TEOA235,say the word dog,,,,,,,,,,,,
,TEOA236,say the word doll,,,,,,,,,,,,
,TEOA237,say the word door,,,,,,,,,,,,
,TEOA238,say the word fail,,,,,,,,,,,,
,TEOA239,say the word fall,,,,,,,,,,,,
,TEOA240,say the word far,,,,,,,,,,,,
,TEOA241,say the word fat,,,,,,,,,,,,
,TEOA242,say the word fit,,,,,,,,,,,,
,TEOA243,say the word five,,,,,,,,,,,,
,TEOA244,say the word food,,,,,,,,,,,,
,TEOA245,say the word gap,,,,,,,,,,,,
,TEOA246,say the word gas,,,,,,,,,,,,
,TEOA247,say the word gaze,,,,,,,,,,,,
,TEOA248,say the word germ,,,,,,,,,,,,
,TEOA249,say the word get,,,,,,,,,,,,
,TEOA250,say the word gin,,,,,,,,,,,,
,TEOA251,say the word goal,,,,,,,,,,,,
,TEOA252,say the word good,,,,,,,,,,,,
,TEOA253,say the word goose,,,,,,,,,,,,
,TEOA254,say the word gun,,,,,,,,,,,,
,TEOA255,say the word half,,,,,,,,,,,,
,TEOA256,say the word hall,,,,,,,,,,,,
,TEOA257,say the word hash,,,,,,,,,,,,
,TEOA258,say the word hate,,,,,,,,,,,,
,TEOA259,say the word have,,,,,,,,,,,,
,TEOA260,say the word haze,,,,,,,,,,,,
,TEOA261,say the word hire,,,,,,,,,,,,
,TEOA262,say the word hit,,,,,,,,,,,,
,TEOA263,say the word hole,,,,,,,,,,,,
,TEOA264,say the word home,,,,,,,,,,,,
,TEOA265,say the word hurl,,,,,,,,,,,,
,TEOA266,say the word hush,,,,,,,,,,,,
,TEOA267,say the word jail,,,,,,,,,,,,
,TEOA268,say the word jar,,,,,,,,,,,,
,TEOA269,say the word join,,,,,,,,,,,,
,TEOA270,say the word judge,,,,,,,,,,,,
,TEOA271,say the word jug,,,,,,,,,,,,
,TEOA272,say the word juice,,,,,,,,,,,,
,TEOA273,say the word keen,,,,,,,,,,,,
,TEOA274,say the word keep,,,,,,,,,,,,
,TEOA275,say the word keg,,,,,,,,,,,,
,TEOA276,say the word kick,,,,,,,,,,,,
,TEOA277,say the word kill,,,,,,,,,,,,
,TEOA278,say the word king,,,,,,,,,,,,
,TEOA279,say the word kite,,,,,,,,,,,,
,TEOA280,say the word knock,,,,,,,,,,,,
,TEOA281,say the word late,,,,,,,,,,,,
,TEOA282,say the word laud,,,,,,,,,,,,
,TEOA283,say the word lean,,,,,,,,,,,,
,TEOA284,say the word learn,,,,,,,,,,,,
,TEOA285,say the word lease,,,,,,,,,,,,
,TEOA286,say the word lid,,,,,,,,,,,,
,TEOA287,say the word life,,,,,,,,,,,,
,TEOA288,say the word limb,,,,,,,,,,,,
,TEOA289,say the word live,,,,,,,,,,,,
,TEOA290,say the word loaf,,,,,,,,,,,,
,TEOA291,say the word long,,,,,,,,,,,,
,TEOA292,say the word lore,,,,,,,,,,,,
,TEOA293,say the word lose,,,,,,,,,,,,
,TEOA294,say the word lot,,,,,,,,,,,,
,TEOA295,say the word love,,,,,,,,,,,,
,TEOA296,say the word luck,,,,,,,,,,,,
,TEOA297,say the word make,,,,,,,,,,,,
,TEOA298,say the word match,,,,,,,,,,,,
,TEOA299,say the word merge,,,,,,,,,,,,
,TEOA300,say the word mess,,,,,,,,,,,,
,TEOA301,say the word met,,,,,,,,,,,,
,TEOA302,say the word mill,,,,,,,,,,,,
,TEOA303,say the word mob,,,,,,,,,,,,
,TEOA304,say the word mode,,,,,,,,,,,,
,TEOA305,say the word mood,,,,,,,,,,,,
,TEOA306,say the word moon,,,,,,,,,,,,
,TEOA307,say the word mop,,,,,,,,,,,,
,TEOA308,say the word mouse,,,,,,,,,,,,
,TEOA309,say the word nag,,,,,,,,,,,,
,TEOA310,say the word name,,,,,,,,,,,,
,TEOA311,say the word near,,,,,,,,,,,,
,TEOA312,say the word neat,,,,,,,,,,,,
,TEOA313,say the word nice,,,,,,,,,,,,
,TEOA314,say the word note,,,,,,,,,,,,
,TEOA315,say the word numb,,,,,,,,,,,,
,TEOA316,say the word pad,,,,,,,,,,,,
,TEOA317,say the word page,,,,,,,,,,,,
,TEOA318,say the word pain,,,,,,,,,,,,
,TEOA319,say the word pass,,,,,,,,,,,,
,TEOA320,say the word pearl,,,,,,,,,,,,
,TEOA321,say the word peg,,,,,,,,,,,,
,TEOA322,say the word perch,,,,,,,,,,,,
,TEOA323,say the word phone,,,,,,,,,,,,
,TEOA324,say the word pick,,,,,,,,,,,,
,TEOA325,say the word pike,,,,,,,,,,,,
,TEOA326,say the word pole,,,,,,,,,,,,
,TEOA327,say the word pool,,,,,,,,,,,,
,TEOA328,say the word puff,,,,,,,,,,,,
,TEOA329,say the word rag,,,,,,,,,,,,
,TEOA330,say the word raid,,,,,,,,,,,,
,TEOA331,say the word rain,,,,,,,,,,,,
,TEOA332,say the word raise,,,,,,,,,,,,
,TEOA333,say the word rat,,,,,,,,,,,,
,TEOA334,say the word reach,,,,,,,,,,,,
,TEOA335,say the word read,,,,,,,,,,,,
,TEOA336,say the word red,,,,,,,,,,,,
,TEOA337,say the word ring,,,,,,,,,,,,
,TEOA338,say the word ripe,,,,,,,,,,,,
,TEOA339,say the word road,,,,,,,,,,,,
,TEOA340,say the word room,,,,,,,,,,,,
,TEOA341,say the word rose,,,,,,,,,,,,
,TEOA342,say the word rot,,,,,,,,,,,,
,TEOA343,say the word rough,,,,,,,,,,,,
,TEOA344,say the word rush,,,,,,,,,,,,
,TEOA345,say the word said,,,,,,,,,,,,
,TEOA346,say the word sail,,,,,,,,,,,,
,TEOA347,say the word search,,,,,,,,,,,,
,TEOA348,say the word seize,,,,,,,,,,,,
,TEOA349,say the word sell,,,,,,,,,,,,
,TEOA350,say the word shack,,,,,,,,,,,,
,TEOA351,say the word shall,,,,,,,,,,,,
,TEOA352,say the word shawl,,,,,,,,,,,,
,TEOA353,say the word sheep,,,,,,,,,,,,
,TEOA354,say the word shirt,,,,,,,,,,,,
,TEOA355,say the word should,,,,,,,,,,,,
,TEOA356,say the word shout,,,,,,,,,,,,
,TEOA357,say the word size,,,,,,,,,,,,
,TEOA358,say the word soap,,,,,,,,,,,,
,TEOA359,say the word soup,,,,,,,,,,,,
,TEOA360,say the word sour,,,,,,,,,,,,
,TEOA361,say the word south,,,,,,,,,,,,
,TEOA362,say the word sub,,,,,,,,,,,,
,TEOA363,say the word such,,,,,,,,,,,,
,TEOA364,say the word sure,,,,,,,,,,,,
,TEOA365,say the word take,,,,,,,,,,,,
,TEOA366,say the word talk,,,,,,,,,,,,
,TEOA367,say the word tape,,,,,,,,,,,,
,TEOA368,say the word team,,,,,,,,,,,,
,TEOA369,say the word tell,,,,,,,,,,,,
,TEOA370,say the word thin,,,,,,,,,,,,
,TEOA371,say the word third,,,,,,,,,,,,
,TEOA372,say the word thought,,,,,,,,,,,,
,TEOA373,say the word thumb,,,,,,,,,,,,
,TEOA374,say the word time,,,,,,,,,,,,
,TEOA375,say the word tip,,,,,,,,,,,,
,TEOA376,say the word tire,,,,,,,,,,,,
,TEOA377,say the word ton,,,,,,,,,,,,
,TEOA378,say the word tool,,,,,,,,,,,,
,TEOA379,say the word tough,,,,,,,,,,,,
,TEOA380,say the word turn,,,,,,,,,,,,
,TEOA381,say the word vine,,,,,,,,,,,,
,TEOA382,say the word voice,,,,,,,,,,,,
,TEOA383,say the word void,,,,,,,,,,,,
,TEOA384,say the word vote,,,,,,,,,,,,
,TEOA385,say the word wag,,,,,,,,,,,,
,TEOA386,say the word walk,,,,,,,,,,,,
,TEOA387,say the word wash,,,,,,,,,,,,
,TEOA388,say the word week,,,,,,,,,,,,
,TEOA389,say the word wheat,,,,,,,,,,,,
,TEOA390,say the word when,,,,,,,,,,,,
,TEOA391,say the word which,,,,,,,,,,,,
,TEOA392,say the word whip,,,,,,,,,,,,
,TEOA393,say the word white,,,,,,,,,,,,
,TEOA394,say the word wife,,,,,,,,,,,,
,TEOA395,say the word wire,,,,,,,,,,,,
,TEOA396,say the word witch,,,,,,,,,,,,
,TEOA397,say the word yearn,,,,,,,,,,,,
,TEOA398,say the word yes,,,,,,,,,,,,
,TEOA399,say the word young,,,,,,,,,,,,
,TEOA400,say the word youth,,,,,,,,,,,,
,TEOA401,say the word back,,,,,,,,,,,,
,TEOA402,say the word bar,,,,,,,,,,,,
,TEOA403,say the word base,,,,,,,,,,,,
,TEOA404,say the word bath,,,,,,,,,,,,
,TEOA405,say the word bean,,,,,,,,,,,,
,TEOA406,say the word beg,,,,,,,,,,,,
,TEOA407,say the word bite,,,,,,,,,,,,
,TEOA408,say the word boat,,,,,,,,,,,,
,TEOA409,say the word bone,,,,,,,,,,,,
,TEOA410,say the word book,,,,,,,,,,,,
,TEOA411,say the word bought,,,,,,,,,,,,
,TEOA412,say the word burn,,,,,,,,,,,,
,TEOA413,say the word cab,,,,,,,,,,,,
,TEOA414,say the word calm,,,,,,,,,,,,
,TEOA415,say the word came,,,,,,,,,,,,
,TEOA416,say the word cause,,,,,,,,,,,,
,TEOA417,say the word chain,,,,,,,,,,,,
,TEOA418,say the word chair,,,,,,,,,,,,
,TEOA419,say the word chalk,,,,,,,,,,,,
,TEOA420,say the word chat,,,,,,,,,,,,
,TEOA421,say the word check,,,,,,,,,,,,
,TEOA422,say the word cheek,,,,,,,,,,,,
,TEOA423,say the word chief,,,,,,,,,,,,
,TEOA424,say the word choice,,,,,,,,,,,,
,TEOA425,say the word cool,,,,,,,,,,,,
,TEOA426,say the word dab,,,,,,,,,,,,
,TEOA427,say the word date,,,,,,,,,,,,
,TEOA428,say the word dead,,,,,,,,,,,,
,TEOA429,say the word death,,,,,,,,,,,,
,TEOA430,say the word deep,,,,,,,,,,,,
,TEOA431,say the word dime,,,,,,,,,,,,
,TEOA432,say the word dip,,,,,,,,,,,,
,TEOA433,say the word ditch,,,,,,,,,,,,
,TEOA434,say the word dodge,,,,,,,,,,,,
,TEOA435,say the word dog,,,,,,,,,,,,
,TEOA436,say the word doll,,,,,,,,,,,,
,TEOA437,say the word door,,,,,,,,,,,,
,TEOA438,say the word fail,,,,,,,,,,,,
,TEOA439,say the word fall,,,,,,,,,,,,
,TEOA440,say the word far,,,,,,,,,,,,
,TEOA441,say the word fat,,,,,,,,,,,,
,TEOA442,say the word fit,,,,,,,,,,,,
,TEOA443,say the word five,,,,,,,,,,,,
,TEOA444,say the word food,,,,,,,,,,,,
,TEOA445,say the word gap,,,,,,,,,,,,
,TEOA446,say the word gas,,,,,,,,,,,,
,TEOA447,say the word gaze,,,,,,,,,,,,
,TEOA448,say the word germ,,,,,,,,,,,,
,TEOA449,say the word get,,,,,,,,,,,,
,TEOA450,say the word gin,,,,,,,,,,,,
,TEOA451,say the word goal,,,,,,,,,,,,
,TEOA452,say the word good,,,,,,,,,,,,
,TEOA453,say the word goose,,,,,,,,,,,,
,TEOA454,say the word gun,,,,,,,,,,,,
,TEOA455,say the word half,,,,,,,,,,,,
,TEOA456,say the word hall,,,,,,,,,,,,
,TEOA457,say the word hash,,,,,,,,,,,,
,TEOA458,say the word hate,,,,,,,,,,,,
,TEOA459,say the word have,,,,,,,,,,,,
,TEOA460,say the word haze,,,,,,,,,,,,
,TEOA461,say the word hire,,,,,,,,,,,,
,TEOA462,say the word hit,,,,,,,,,,,,
,TEOA463,say the word hole,,,,,,,,,,,,
,TEOA464,say the word home,,,,,,,,,,,,
,TEOA465,say the word hurl,,,,,,,,,,,,
,TEOA466,say the word hush,,,,,,,,,,,,
,TEOA467,say the word jail,,,,,,,,,,,,
,TEOA468,say the word jar,,,,,,,,,,,,
,TEOA469,say the word join,,,,,,,,,,,,
,TEOA470,say the word judge,,,,,,,,,,,,
,TEOA471,say the word jug,,,,,,,,,,,,
,TEOA472,say the word juice,,,,,,,,,,,,
,TEOA473,say the word keen,,,,,,,,,,,,
,TEOA474,say the word keep,,,,,,,,,,,,
,TEOA475,say the word keg,,,,,,,,,,,,
,TEOA476,say the word kick,,,,,,,,,,,,
,TEOA477,say the word kill,,,,,,,,,,,,
,TEOA478,say the word king,,,,,,,,,,,,
,TEOA479,say the word kite,,,,,,,,,,,,
,TEOA480,say the word knock,,,,,,,,,,,,
,TEOA481,say the word late,,,,,,,,,,,,
,TEOA482,say the word laud,,,,,,,,,,,,
,TEOA483,say the word lean,,,,,,,,,,,,
,TEOA484,say the word learn,,,,,,,,,,,,
,TEOA485,say the word lease,,,,,,,,,,,,
,TEOA486,say the word lid,,,,,,,,,,,,
,TEOA487,say the word life,,,,,,,,,,,,
,TEOA488,say the word limb,,,,,,,,,,,,
,TEOA489,say the word live,,,,,,,,,,,,
,TEOA490,say the word loaf,,,,,,,,,,,,
,TEOA491,say the word long,,,,,,,,,,,,
,TEOA492,say the word lore,,,,,,,,,,,,
,TEOA493,say the word lose,,,,,,,,,,,,
,TEOA494,say the word lot,,,,,,,,,,,,
,TEOA495,say the word love,,,,,,,,,,,,
,TEOA496,say the word luck,,,,,,,,,,,,
,TEOA497,say the word make,,,,,,,,,,,,
,TEOA498,say the word match,,,,,,,,,,,,
,TEOA499,say the word merge,,,,,,,,,,,,
,TEOA500,say the word mess,,,,,,,,,,,,
,TEOA501,say the word met,,,,,,,,,,,,
,TEOA502,say the word mill,,,,,,,,,,,,
,TEOA503,say the word mob,,,,,,,,,,,,
,TEOA504,say the word mode,,,,,,,,,,,,
,TEOA505,say the word mood,,,,,,,,,,,,
,TEOA506,say the word moon,,,,,,,,,,,,
,TEOA507,say the word mop,,,,,,,,,,,,
,TEOA508,say the word mouse,,,,,,,,,,,,
,TEOA509,say the word nag,,,,,,,,,,,,
,TEOA510,say the word name,,,,,,,,,,,,
,TEOA511,say the word near,,,,,,,,,,,,
,TEOA512,say the word neat,,,,,,,,,,,,
,TEOA513,say the word nice,,,,,,,,,,,,
,TEOA514,say the word note,,,,,,,,,,,,
,TEOA515,say the word numb,,,,,,,,,,,,
,TEOA516,say the word pad,,,,,,,,,,,,
,TEOA517,say the word page,,,,,,,,,,,,
,TEOA518,say the word pain,,,,,,,,,,,,
,TEOA519,say the word pass,,,,,,,,,,,,
,TEOA520,say the word pearl,,,,,,,,,,,,
,TEOA521,say the word peg,,,,,,,,,,,,
,TEOA522,say the word perch,,,,,,,,,,,,
,TEOA523,say the word phone,,,,,,,,,,,,
,TEOA524,say the word pick,,,,,,,,,,,,
,TEOA525,say the word pike,,,,,,,,,,,,
,TEOA526,say the word pole,,,,,,,,,,,,
,TEOA527,say the word pool,,,,,,,,,,,,
,TEOA528,say the word puff,,,,,,,,,,,,
,TEOA529,say the word rag,,,,,,,,,,,,
,TEOA530,say the word raid,,,,,,,,,,,,
,TEOA531,say the word rain,,,,,,,,,,,,
,TEOA532,say the word raise,,,,,,,,,,,,
,TEOA533,say the word rat,,,,,,,,,,,,
,TEOA534,say the word reach,,,,,,,,,,,,
,TEOA535,say the word read,,,,,,,,,,,,
,TEOA536,say the word red,,,,,,,,,,,,
,TEOA537,say the word ring,,,,,,,,,,,,
,TEOA538,say the word ripe,,,,,,,,,,,,
,TEOA539,say the word road,,,,,,,,,,,,
,TEOA540,say the word room,,,,,,,,,,,,
,TEOA541,say the word rose,,,,,,,,,,,,
,TEOA542,say the word rot,,,,,,,,,,,,
,TEOA543,say the word rough,,,,,,,,,,,,
,TEOA544,say the word rush,,,,,,,,,,,,
,TEOA545,say the word said,,,,,,,,,,,,
,TEOA546,say the word sail,,,,,,,,,,,,
,TEOA547,say the word search,,,,,,,,,,,,
,TEOA548,say the word seize,,,,,,,,,,,,
,TEOA549,say the word sell,,,,,,,,,,,,
,TEOA550,say the word shack,,,,,,,,,,,,
,TEOA551,say the word shall,,,,,,,,,,,,
,TEOA552,say the word shawl,,,,,,,,,,,,
,TEOA553,say the word sheep,,,,,,,,,,,,
,TEOA554,say the word shirt,,,,,,,,,,,,
,TEOA555,say the word should,,,,,,,,,,,,
,TEOA556,say the word shout,,,,,,,,,,,,
,TEOA557,say the word size,,,,,,,,,,,,
,TEOA558,say the word soap,,,,,,,,,,,,
,TEOA559,say the word soup,,,,,,,,,,,,
,TEOA560,say the word sour,,,,,,,,,,,,
,TEOA561,say the word south,,,,,,,,,,,,
,TEOA562,say the word sub,,,,,,,,,,,,
,TEOA563,say the word such,,,,,,,,,,,,
,TEOA564,say the word sure,,,,,,,,,,,,
,TEOA565,say the word take,,,,,,,,,,,,
,TEOA566,say the word talk,,,,,,,,,,,,
,TEOA567,say the word tape,,,,,,,,,,,,
,TEOA568,say the word team,,,,,,,,,,,,
,TEOA569,say the word tell,,,,,,,,,,,,
,TEOA570,say the word thin,,,,,,,,,,,,
,TEOA571,say the word third,,,,,,,,,,,,
,TEOA572,say the word thought,,,,,,,,,,,,
,TEOA573,say the word thumb,,,,,,,,,,,,
,TEOA574,say the word time,,,,,,,,,,,,
,TEOA575,say the word tip,,,,,,,,,,,,
,TEOA576,say the word tire,,,,,,,,,,,,
,TEOA577,say the word ton,,,,,,,,,,,,
,TEOA578,say the word tool,,,,,,,,,,,,
,TEOA579,say the word tough,,,,,,,,,,,,
,TEOA580,say the word turn,,,,,,,,,,,,
,TEOA581,say the word vine,,,,,,,,,,,,
,TEOA582,say the word voice,,,,,,,,,,,,
,TEOA583,say the word void,,,,,,,,,,,,
,TEOA584,say the word vote,,,,,,,,,,,,
,TEOA585,say the word wag,,,,,,,,,,,,
,TEOA586,say the word walk,,,,,,,,,,,,
,TEOA587,say the word wash,,,,,,,,,,,,
,TEOA588,say the word week,,,,,,,,,,,,
,TEOA589,say the word wheat,,,,,,,,,,,,
,TEOA590,say the word when,,,,,,,,,,,,
,TEOA591,say the word which,,,,,,,,,,,,
,TEOA592,say the word whip,,,,,,,,,,,,
,TEOA593,say the word white,,,,,,,,,,,,
,TEOA594,say the word wife,,,,,,,,,,,,
,TEOA595,say the word wire,,,,,,,,,,,,
,TEOA596,say the word witch,,,,,,,,,,,,
,TEOA597,say the word yearn,,,,,,,,,,,,
,TEOA598,say the word yes,,,,,,,,,,,,
,TEOA599,say the word young,,,,,,,,,,,,
,TEOA600,say the word youth,,,,,,,,,,,,
,TEOA601,say the word back,,,,,,,,,,,,
,TEOA602,say the word bar,,,,,,,,,,,,
,TEOA603,say the word base,,,,,,,,,,,,
,TEOA604,say the word bath,,,,,,,,,,,,
,TEOA605,say the word bean,,,,,,,,,,,,
,TEOA606,say the word beg,,,,,,,,,,,,
,TEOA607,say the word bite,,,,,,,,,,,,
,TEOA608,say the word boat,,,,,,,,,,,,
,TEOA609,say the word bone,,,,,,,,,,,,
,TEOA610,say the word book,,,,,,,,,,,,
,TEOA611,say the word bought,,,,,,,,,,,,
,TEOA612,say the word burn,,,,,,,,,,,,
,TEOA613,say the word cab,,,,,,,,,,,,
,TEOA614,say the word calm,,,,,,,,,,,,
,TEOA615,say the word came,,,,,,,,,,,,
,TEOA616,say the word cause,,,,,,,,,,,,
,TEOA617,say the word chain,,,,,,,,,,,,
,TEOA618,say the word chair,,,,,,,,,,,,
,TEOA619,say the word chalk,,,,,,,,,,,,
,TEOA620,say the word chat,,,,,,,,,,,,
,TEOA621,say the word check,,,,,,,,,,,,
,TEOA622,say the word cheek,,,,,,,,,,,,
,TEOA623,say the word chief,,,,,,,,,,,,
,TEOA624,say the word choice,,,,,,,,,,,,
,TEOA625,say the word cool,,,,,,,,,,,,
,TEOA626,say the word dab,,,,,,,,,,,,
,TEOA627,say the word date,,,,,,,,,,,,
,TEOA628,say the word dead,,,,,,,,,,,,
,TEOA629,say the word death,,,,,,,,,,,,
,TEOA630,say the word deep,,,,,,,,,,,,
,TEOA631,say the word dime,,,,,,,,,,,,
,TEOA632,say the word dip,,,,,,,,,,,,
,TEOA633,say the word ditch,,,,,,,,,,,,
,TEOA634,say the word dodge,,,,,,,,,,,,
,TEOA635,say the word dog,,,,,,,,,,,,
,TEOA636,say the word doll,,,,,,,,,,,,
,TEOA637,say the word door,,,,,,,,,,,,
,TEOA638,say the word fail,,,,,,,,,,,,
,TEOA639,say the word fall,,,,,,,,,,,,
,TEOA640,say the word far,,,,,,,,,,,,
,TEOA641,say the word fat,,,,,,,,,,,,
,TEOA642,say the word fit,,,,,,,,,,,,
,TEOA643,say the word five,,,,,,,,,,,,
,TEOA644,say the word food,,,,,,,,,,,,
,TEOA645,say the word gap,,,,,,,,,,,,
,TEOA646,say the word gas,,,,,,,,,,,,
,TEOA647,say the word gaze,,,,,,,,,,,,
,TEOA648,say the word germ,,,,,,,,,,,,
,TEOA649,say the word get,,,,,,,,,,,,
,TEOA650,say the word gin,,,,,,,,,,,,
,TEOA651,say the word goal,,,,,,,,,,,,
,TEOA652,say the word good,,,,,,,,,,,,
,TEOA653,say the word goose,,,,,,,,,,,,
,TEOA654,say the word gun,,,,,,,,,,,,
,TEOA655,say the word half,,,,,,,,,,,,
,TEOA656,say the word hall,,,,,,,,,,,,
,TEOA657,say the word hash,,,,,,,,,,,,
,TEOA658,say the word hate,,,,,,,,,,,,
,TEOA659,say the word have,,,,,,,,,,,,
,TEOA660,say the word haze,,,,,,,,,,,,
,TEOA661,say the word hire,,,,,,,,,,,,
,TEOA662,say the word hit,,,,,,,,,,,,
,TEOA663,say the word hole,,,,,,,,,,,,
,TEOA664,say the word home,,,,,,,,,,,,
,TEOA665,say the word hurl,,,,,,,,,,,,
,TEOA666,say the word hush,,,,,,,,,,,,
,TEOA667,say the word jail,,,,,,,,,,,,
,TEOA668,say the word jar,,,,,,,,,,,,
,TEOA669,say the word join,,,,,,,,,,,,
,TEOA670,say the word judge,,,,,,,,,,,,
,TEOA671,say the word jug,,,,,,,,,,,,
,TEOA672,say the word juice,,,,,,,,,,,,
,TEOA673,say the word keen,,,,,,,,,,,,
,TEOA674,say the word keep,,,,,,,,,,,,
,TEOA675,say the word keg,,,,,,,,,,,,
,TEOA676,say the word kick,,,,,,,,,,,,
,TEOA677,say the word kill,,,,,,,,,,,,
,TEOA678,say the word king,,,,,,,,,,,,
,TEOA679,say the word kite,,,,,,,,,,,,
,TEOA680,say the word knock,,,,,,,,,,,,
,TEOA681,say the word late,,,,,,,,,,,,
,TEOA682,say the word laud,,,,,,,,,,,,
,TEOA683,say the word lean,,,,,,,,,,,,
,TEOA684,say the word learn,,,,,,,,,,,,
,TEOA685,say the word lease,,,,,,,,,,,,
,TEOA686,say the word lid,,,,,,,,,,,,
,TEOA687,say the word life,,,,,,,,,,,,
,TEOA688,say the word limb,,,,,,,,,,,,
,TEOA689,say the word live,,,,,,,,,,,,
,TEOA690,say the word loaf,,,,,,,,,,,,
,TEOA691,say the word long,,,,,,,,,,,,
,TEOA692,say the word lore,,,,,,,,,,,,
,TEOA693,say the word lose,,,,,,,,,,,,
,TEOA694,say the word lot,,,,,,,,,,,,
,TEOA695,say the word love,,,,,,,,,,,,
,TEOA696,say the word luck,,,,,,,,,,,,
,TEOA697,say the word make,,,,,,,,,,,,
,TEOA698,say the word match,,,,,,,,,,,,
,TEOA699,say the word merge,,,,,,,,,,,,
,TEOA700,say the word mess,,,,,,,,,,,,
,TEOA701,say the word met,,,,,,,,,,,,
,TEOA702,say the word mill,,,,,,,,,,,,
,TEOA703,say the word mob,,,,,,,,,,,,
,TEOA704,say the word mode,,,,,,,,,,,,
,TEOA705,say the word mood,,,,,,,,,,,,
,TEOA706,say the word moon,,,,,,,,,,,,
,TEOA707,say the word mop,,,,,,,,,,,,
,TEOA708,say the word mouse,,,,,,,,,,,,
,TEOA709,say the word nag,,,,,,,,,,,,
,TEOA710,say the word name,,,,,,,,,,,,
,TEOA711,say the word near,,,,,,,,,,,,
,TEOA712,say the word neat,,,,,,,,,,,,
,TEOA713,say the word nice,,,,,,,,,,,,
,TEOA714,say the word note,,,,,,,,,,,,
,TEOA715,say the word numb,,,,,,,,,,,,
,TEOA716,say the word pad,,,,,,,,,,,,
,TEOA717,say the word page,,,,,,,,,,,,
,TEOA718,say the word pain,,,,,,,,,,,,
,TEOA719,say the word pass,,,,,,,,,,,,
,TEOA720,say the word pearl,,,,,,,,,,,,
,TEOA721,say the word peg,,,,,,,,,,,,
,TEOA722,say the word perch,,,,,,,,,,,,
,TEOA723,say the word phone,,,,,,,,,,,,
,TEOA724,say the word pick,,,,,,,,,,,,
,TEOA725,say the word pike,,,,,,,,,,,,
,TEOA726,say the word pole,,,,,,,,,,,,
,TEOA727,say the word pool,,,,,,,,,,,,
,TEOA728,say the word puff,,,,,,,,,,,,
,TEOA729,say the word rag,,,,,,,,,,,,
,TEOA730,say the word raid,,,,,,,,,,,,
,TEOA731,say the word rain,,,,,,,,,,,,
,TEOA732,say the word raise,,,,,,,,,,,,
,TEOA733,say the word rat,,,,,,,,,,,,
,TEOA734,say the word reach,,,,,,,,,,,,
,TEOA735,say the word read,,,,,,,,,,,,
,TEOA736,say the word red,,,,,,,,,,,,
,TEOA737,say the word ring,,,,,,,,,,,,
,TEOA738,say the word ripe,,,,,,,,,,,,
,TEOA739,say the word road,,,,,,,,,,,,
,TEOA740,say the word room,,,,,,,,,,,,
,TEOA741,say the word rose,,,,,,,,,,,,
,TEOA742,say the word rot,,,,,,,,,,,,
,TEOA743,say the word rough,,,,,,,,,,,,
,TEOA744,say the word rush,,,,,,,,,,,,
,TEOA745,say the word said,,,,,,,,,,,,
,TEOA746,say the word sail,,,,,,,,,,,,
,TEOA747,say the word search,,,,,,,,,,,,
,TEOA748,say the word seize,,,,,,,,,,,,
,TEOA749,say the word sell,,,,,,,,,,,,
,TEOA750,say the word shack,,,,,,,,,,,,
,TEOA751,say the word shall,,,,,,,,,,,,
,TEOA752,say the word shawl,,,,,,,,,,,,
,TEOA753,say the word sheep,,,,,,,,,,,,
,TEOA754,say the word shirt,,,,,,,,,,,,
,TEOA755,say the word should,,,,,,,,,,,,
,TEOA756,say the word shout,,,,,,,,,,,,
,TEOA757,say the word size,,,,,,,,,,,,
,TEOA758,say the word soap,,,,,,,,,,,,
,TEOA759,say the word soup,,,,,,,,,,,,
,TEOA760,say the word sour,,,,,,,,,,,,
,TEOA761,say the word south,,,,,,,,,,,,
,TEOA762,say the word sub,,,,,,,,,,,,
,TEOA763,say the word such,,,,,,,,,,,,
,TEOA764,say the word sure,,,,,,,,,,,,
,TEOA765,say the word take,,,,,,,,,,,,
,TEOA766,say the word talk,,,,,,,,,,,,
,TEOA767,say the word tape,,,,,,,,,,,,
,TEOA768,say the word team,,,,,,,,,,,,
,TEOA769,say the word tell,,,,,,,,,,,,
,TEOA770,say the word thin,,,,,,,,,,,,
,TEOA771,say the word third,,,,,,,,,,,,
,TEOA772,say the word thought,,,,,,,,,,,,
,TEOA773,say the word thumb,,,,,,,,,,,,
,TEOA774,say the word time,,,,,,,,,,,,
,TEOA775,say the word tip,,,,,,,,,,,,
,TEOA776,say the word tire,,,,,,,,,,,,
,TEOA777,say the word ton,,,,,,,,,,,,
,TEOA778,say the word tool,,,,,,,,,,,,
,TEOA779,say the word tough,,,,,,,,,,,,
,TEOA780,say the word turn,,,,,,,,,,,,
,TEOA781,say the word vine,,,,,,,,,,,,
,TEOA782,say the word voice,,,,,,,,,,,,
,TEOA783,say the word void,,,,,,,,,,,,
,TEOA784,say the word vote,,,,,,,,,,,,
,TEOA785,say the word wag,,,,,,,,,,,,
,TEOA786,say the word walk,,,,,,,,,,,,
,TEOA787,say the word wash,,,,,,,,,,,,
,TEOA788,say the word week,,,,,,,,,,,,
,TEOA789,say the word wheat,,,,,,,,,,,,
,TEOA790,say the word when,,,,,,,,,,,,
,TEOA791,say the word which,,,,,,,,,,,,
,TEOA792,say the word whip,,,,,,,,,,,,
,TEOA793,say the word white,,,,,,,,,,,,
,TEOA794,say the word wife,,,,,,,,,,,,
,TEOA795,say the word wire,,,,,,,,,,,,
,TEOA796,say the word witch,,,,,,,,,,,,
,TEOA797,say the word yearn,,,,,,,,,,,,
,TEOA798,say the word yes,,,,,,,,,,,,
,TEOA799,say the word young,,,,,,,,,,,,
,TEOA800,say the word youth,,,,,,,,,,,,
,TEYA001,say the word back,,,,,,,,,,,,
,TEYA002,say the word bar,,,,,,,,,,,,
,TEYA003,say the word base,,,,,,,,,,,,
,TEYA004,say the word bath,,,,,,,,,,,,
,TEYA005,say the word bean,,,,,,,,,,,,
,TEYA006,say the word beg,,,,,,,,,,,,
,TEYA007,say the word bite,,,,,,,,,,,,
,TEYA008,say the word boat,,,,,,,,,,,,
,TEYA009,say the word bone,,,,,,,,,,,,
,TEYA010,say the word book,,,,,,,,,,,,
,TEYA011,say the word bought,,,,,,,,,,,,
,TEYA012,say the word burn,,,,,,,,,,,,
,TEYA013,say the word cab,,,,,,,,,,,,
,TEYA014,say the word calm,,,,,,,,,,,,
,TEYA015,say the word came,,,,,,,,,,,,
,TEYA016,say the word cause,,,,,,,,,,,,
,TEYA017,say the word chain,,,,,,,,,,,,
,TEYA018,say the word chair,,,,,,,,,,,,
,TEYA019,say the word chalk,,,,,,,,,,,,
,TEYA020,say the word chat,,,,,,,,,,,,
,TEYA021,say the word check,,,,,,,,,,,,
,TEYA022,say the word cheek,,,,,,,,,,,,
,TEYA023,say the word chief,,,,,,,,,,,,
,TEYA024,say the word choice,,,,,,,,,,,,
,TEYA025,say the word cool,,,,,,,,,,,,
,TEYA026,say the word dab,,,,,,,,,,,,
,TEYA027,say the word date,,,,,,,,,,,,
,TEYA028,say the word dead,,,,,,,,,,,,
,TEYA029,say the word death,,,,,,,,,,,,
,TEYA030,say the word deep,,,,,,,,,,,,
,TEYA031,say the word dime,,,,,,,,,,,,
,TEYA032,say the word dip,,,,,,,,,,,,
,TEYA033,say the word ditch,,,,,,,,,,,,
,TEYA034,say the word dodge,,,,,,,,,,,,
,TEYA035,say the word dog,,,,,,,,,,,,
,TEYA036,say the word doll,,,,,,,,,,,,
,TEYA037,say the word door,,,,,,,,,,,,
,TEYA038,say the word fail,,,,,,,,,,,,
,TEYA039,say the word fall,,,,,,,,,,,,
,TEYA040,say the word far,,,,,,,,,,,,
,TEYA041,say the word fat,,,,,,,,,,,,
,TEYA042,say the word fit,,,,,,,,,,,,
,TEYA043,say the word five,,,,,,,,,,,,
,TEYA044,say the word food,,,,,,,,,,,,
,TEYA045,say the word gap,,,,,,,,,,,,
,TEYA046,say the word gas,,,,,,,,,,,,
,TEYA047,say the word gaze,,,,,,,,,,,,
,TEYA048,say the word germ,,,,,,,,,,,,
,TEYA049,say the word get,,,,,,,,,,,,
,TEYA050,say the word gin,,,,,,,,,,,,
,TEYA051,say the word goal,,,,,,,,,,,,
,TEYA052,say the word good,,,,,,,,,,,,
,TEYA053,say the word goose,,,,,,,,,,,,
,TEYA054,say the word gun,,,,,,,,,,,,
,TEYA055,say the word half,,,,,,,,,,,,
,TEYA056,say the word hall,,,,,,,,,,,,
,TEYA057,say the word hash,,,,,,,,,,,,
,TEYA058,say the word hate,,,,,,,,,,,,
,TEYA059,say the word have,,,,,,,,,,,,
,TEYA060,say the word haze,,,,,,,,,,,,
,TEYA061,say the word hire,,,,,,,,,,,,
,TEYA062,say the word hit,,,,,,,,,,,,
,TEYA063,say the word hole,,,,,,,,,,,,
,TEYA064,say the word home,,,,,,,,,,,,
,TEYA065,say the word hurl,,,,,,,,,,,,
,TEYA066,say the word hush,,,,,,,,,,,,
,TEYA067,say the word jail,,,,,,,,,,,,
,TEYA068,say the word jar,,,,,,,,,,,,
,TEYA069,say the word join,,,,,,,,,,,,
,TEYA070,say the word judge,,,,,,,,,,,,
,TEYA071,say the word jug,,,,,,,,,,,,
,TEYA072,say the word juice,,,,,,,,,,,,
,TEYA073,say the word keen,,,,,,,,,,,,
,TEYA074,say the word keep,,,,,,,,,,,,
,TEYA075,say the word keg,,,,,,,,,,,,
,TEYA076,say the word kick,,,,,,,,,,,,
,TEYA077,say the word kill,,,,,,,,,,,,
,TEYA078,say the word king,,,,,,,,,,,,
,TEYA079,say the word kite,,,,,,,,,,,,
,TEYA080,say the word knock,,,,,,,,,,,,
,TEYA081,say the word late,,,,,,,,,,,,
,TEYA082,say the word laud,,,,,,,,,,,,
,TEYA083,say the word lean,,,,,,,,,,,,
,TEYA084,say the word learn,,,,,,,,,,,,
,TEYA085,say the word lease,,,,,,,,,,,,
,TEYA086,say the word lid,,,,,,,,,,,,
,TEYA087,say the word life,,,,,,,,,,,,
,TEYA088,say the word limb,,,,,,,,,,,,
,TEYA089,say the word live,,,,,,,,,,,,
,TEYA090,say the word loaf,,,,,,,,,,,,
,TEYA091,say the word long,,,,,,,,,,,,
,TEYA092,say the word lore,,,,,,,,,,,,
,TEYA093,say the word lose,,,,,,,,,,,,
,TEYA094,say the word lot,,,,,,,,,,,,
,TEYA095,say the word love,,,,,,,,,,,,
,TEYA096,say the word luck,,,,,,,,,,,,
,TEYA097,say the word make,,,,,,,,,,,,
,TEYA098,say the word match,,,,,,,,,,,,
,TEYA099,say the word merge,,,,,,,,,,,,
,TEYA100,say the word mess,,,,,,,,,,,,
,TEYA101,say the word met,,,,,,,,,,,,
,TEYA102,say the word mill,,,,,,,,,,,,
,TEYA103,say the word mob,,,,,,,,,,,,
,TEYA104,say the word mode,,,,,,,,,,,,
,TEYA105,say the word mood,,,,,,,,,,,,
,TEYA106,say the word moon,,,,,,,,,,,,
,TEYA107,say the word mop,,,,,,,,,,,,
,TEYA108,say the word mouse,,,,,,,,,,,,
,TEYA109,say the word nag,,,,,,,,,,,,
,TEYA110,say the word name,,,,,,,,,,,,
,TEYA111,say the word near,,,,,,,,,,,,
,TEYA112,say the word neat,,,,,,,,,,,,
,TEYA113,say the word nice,,,,,,,,,,,,
,TEYA114,say the word note,,,,,,,,,,,,
,TEYA115,say the word numb,,,,,,,,,,,,
,TEYA116,say the word pad,,,,,,,,,,,,
,TEYA117,say the word page,,,,,,,,,,,,
,TEYA118,say the word pain,,,,,,,,,,,,
,TEYA119,say the word pass,,,,,,,,,,,,
,TEYA120,say the word pearl,,,,,,,,,,,,
,TEYA121,say the word peg,,,,,,,,,,,,
,TEYA122,say the word perch,,,,,,,,,,,,
,TEYA123,say the word phone,,,,,,,,,,,,
,TEYA124,say the word pick,,,,,,,,,,,,
,TEYA125,say the word pike,,,,,,,,,,,,
,TEYA126,say the word pole,,,,,,,,,,,,
,TEYA127,say the word pool,,,,,,,,,,,,
,TEYA128,say the word puff,,,,,,,,,,,,
,TEYA129,say the word rag,,,,,,,,,,,,
,TEYA130,say the word raid,,,,,,,,,,,,
,TEYA131,say the word rain,,,,,,,,,,,,
,TEYA132,say the word raise,,,,,,,,,,,,
,TEYA133,say the word rat,,,,,,,,,,,,
,TEYA134,say the word reach,,,,,,,,,,,,
,TEYA135,say the word read,,,,,,,,,,,,
,TEYA136,say the word red,,,,,,,,,,,,
,TEYA137,say the word ring,,,,,,,,,,,,
,TEYA138,say the word ripe,,,,,,,,,,,,
,TEYA139,say the word road,,,,,,,,,,,,
,TEYA140,say the word room,,,,,,,,,,,,
,TEYA141,say the word rose,,,,,,,,,,,,
,TEYA142,say the word rot,,,,,,,,,,,,
,TEYA143,say the word rough,,,,,,,,,,,,
,TEYA144,say the word rush,,,,,,,,,,,,
,TEYA145,say the word said,,,,,,,,,,,,
,TEYA146,say the word sail,,,,,,,,,,,,
,TEYA147,say the word search,,,,,,,,,,,,
,TEYA148,say the word seize,,,,,,,,,,,,
,TEYA149,say the word sell,,,,,,,,,,,,
,TEYA150,say the word shack,,,,,,,,,,,,
,TEYA151,say the word shall,,,,,,,,,,,,
,TEYA152,say the word shawl,,,,,,,,,,,,
,TEYA153,say the word sheep,,,,,,,,,,,,
,TEYA154,say the word shirt,,,,,,,,,,,,
,TEYA155,say the word should,,,,,,,,,,,,
,TEYA156,say the word shout,,,,,,,,,,,,
,TEYA157,say the word size,,,,,,,,,,,,
,TEYA158,say the word soap,,,,,,,,,,,,
,TEYA159,say the word soup,,,,,,,,,,,,
,TEYA160,say the word sour,,,,,,,,,,,,
,TEYA161,say the word south,,,,,,,,,,,,
,TEYA162,say the word sub,,,,,,,,,,,,
,TEYA163,say the word such,,,,,,,,,,,,
,TEYA164,say the word sure,,,,,,,,,,,,
,TEYA165,say the word take,,,,,,,,,,,,
,TEYA166,say the word talk,,,,,,,,,,,,
,TEYA167,say the word tape,,,,,,,,,,,,
,TEYA168,say the word team,,,,,,,,,,,,
,TEYA169,say the word tell,,,,,,,,,,,,
,TEYA170,say the word thin,,,,,,,,,,,,
,TEYA171,say the word third,,,,,,,,,,,,
,TEYA172,say the word thought,,,,,,,,,,,,
,TEYA173,say the word thumb,,,,,,,,,,,,
,TEYA174,say the word time,,,,,,,,,,,,
,TEYA175,say the word tip,,,,,,,,,,,,
,TEYA176,say the word tire,,,,,,,,,,,,
,TEYA177,say the word ton,,,,,,,,,,,,
,TEYA178,say the word tool,,,,,,,,,,,,
,TEYA179,say the word tough,,,,,,,,,,,,
,TEYA180,say the word turn,,,,,,,,,,,,
,TEYA181,say the word vine,,,,,,,,,,,,
,TEYA182,say the word voice,,,,,,,,,,,,
,TEYA183,say the word void,,,,,,,,,,,,
,TEYA184,say the word vote,,,,,,,,,,,,
,TEYA185,say the word wag,,,,,,,,,,,,
,TEYA186,say the word walk,,,,,,,,,,,,
,TEYA187,say the word wash,,,,,,,,,,,,
,TEYA188,say the word week,,,,,,,,,,,,
,TEYA189,say the word wheat,,,,,,,,,,,,
,TEYA190,say the word when,,,,,,,,,,,,
,TEYA191,say the word which,,,,,,,,,,,,
,TEYA192,say the word whip,,,,,,,,,,,,
,TEYA193,say the word white,,,,,,,,,,,,
,TEYA194,say the word wife,,,,,,,,,,,,
,TEYA195,say the word wire,,,,,,,,,,,,
,TEYA196,say the word witch,,,,,,,,,,,,
,TEYA197,say the word yearn,,,,,,,,,,,,
,TEYA198,say the word yes,,,,,,,,,,,,
,TEYA199,say the word young,,,,,,,,,,,,
,TEYA200,say the word youth,,,,,,,,,,,,
,TEYA201,say the word back,,,,,,,,,,,,
,TEYA202,say the word bar,,,,,,,,,,,,
,TEYA203,say the word base,,,,,,,,,,,,
,TEYA204,say the word bath,,,,,,,,,,,,
,TEYA205,say the word bean,,,,,,,,,,,,
,TEYA206,say the word beg,,,,,,,,,,,,
,TEYA207,say the word bite,,,,,,,,,,,,
,TEYA208,say the word boat,,,,,,,,,,,,
,TEYA209,say the word bone,,,,,,,,,,,,
,TEYA210,say the word book,,,,,,,,,,,,
,TEYA211,say the word bought,,,,,,,,,,,,
,TEYA212,say the word burn,,,,,,,,,,,,
,TEYA213,say the word cab,,,,,,,,,,,,
,TEYA214,say the word calm,,,,,,,,,,,,
,TEYA215,say the word came,,,,,,,,,,,,
,TEYA216,say the word cause,,,,,,,,,,,,
,TEYA217,say the word chain,,,,,,,,,,,,
,TEYA218,say the word chair,,,,,,,,,,,,
,TEYA219,say the word chalk,,,,,,,,,,,,
,TEYA220,say the word chat,,,,,,,,,,,,
,TEYA221,say the word check,,,,,,,,,,,,
,TEYA222,say the word cheek,,,,,,,,,,,,
,TEYA223,say the word chief,,,,,,,,,,,,
,TEYA224,say the word choice,,,,,,,,,,,,
,TEYA225,say the word cool,,,,,,,,,,,,
,TEYA226,say the word dab,,,,,,,,,,,,
,TEYA227,say the word date,,,,,,,,,,,,
,TEYA228,say the word dead,,,,,,,,,,,,
,TEYA229,say the word death,,,,,,,,,,,,
,TEYA230,say the word deep,,,,,,,,,,,,
,TEYA231,say the word dime,,,,,,,,,,,,
,TEYA232,say the word dip,,,,,,,,,,,,
,TEYA233,say the word ditch,,,,,,,,,,,,
,TEYA234,say the word dodge,,,,,,,,,,,,
,TEYA235,say the word dog,,,,,,,,,,,,
,TEYA236,say the word doll,,,,,,,,,,,,
,TEYA237,say the word door,,,,,,,,,,,,
,TEYA238,say the word fail,,,,,,,,,,,,
,TEYA239,say the word fall,,,,,,,,,,,,
,TEYA240,say the word far,,,,,,,,,,,,
,TEYA241,say the word fat,,,,,,,,,,,,
,TEYA242,say the word fit,,,,,,,,,,,,
,TEYA243,say the word five,,,,,,,,,,,,
,TEYA244,say the word food,,,,,,,,,,,,
,TEYA245,say the word gap,,,,,,,,,,,,
,TEYA246,say the word gas,,,,,,,,,,,,
,TEYA247,say the word gaze,,,,,,,,,,,,
,TEYA248,say the word germ,,,,,,,,,,,,
,TEYA249,say the word get,,,,,,,,,,,,
,TEYA250,say the word gin,,,,,,,,,,,,
,TEYA251,say the word goal,,,,,,,,,,,,
,TEYA252,say the word good,,,,,,,,,,,,
,TEYA253,say the word goose,,,,,,,,,,,,
,TEYA254,say the word gun,,,,,,,,,,,,
,TEYA255,say the word half,,,,,,,,,,,,
,TEYA256,say the word hall,,,,,,,,,,,,
,TEYA257,say the word hash,,,,,,,,,,,,
,TEYA258,say the word hate,,,,,,,,,,,,
,TEYA259,say the word have,,,,,,,,,,,,
,TEYA260,say the word haze,,,,,,,,,,,,
,TEYA261,say the word hire,,,,,,,,,,,,
,TEYA262,say the word hit,,,,,,,,,,,,
,TEYA263,say the word hole,,,,,,,,,,,,
,TEYA264,say the word home,,,,,,,,,,,,
,TEYA265,say the word hurl,,,,,,,,,,,,
,TEYA266,say the word hush,,,,,,,,,,,,
,TEYA267,say the word jail,,,,,,,,,,,,
,TEYA268,say the word jar,,,,,,,,,,,,
,TEYA269,say the word join,,,,,,,,,,,,
,TEYA270,say the word judge,,,,,,,,,,,,
,TEYA271,say the word jug,,,,,,,,,,,,
,TEYA272,say the word juice,,,,,,,,,,,,
,TEYA273,say the word keen,,,,,,,,,,,,
,TEYA274,say the word keep,,,,,,,,,,,,
,TEYA275,say the word keg,,,,,,,,,,,,
,TEYA276,say the word kick,,,,,,,,,,,,
,TEYA277,say the word kill,,,,,,,,,,,,
,TEYA278,say the word king,,,,,,,,,,,,
,TEYA279,say the word kite,,,,,,,,,,,,
,TEYA280,say the word knock,,,,,,,,,,,,
,TEYA281,say the word late,,,,,,,,,,,,
,TEYA282,say the word laud,,,,,,,,,,,,
,TEYA283,say the word lean,,,,,,,,,,,,
,TEYA284,say the word learn,,,,,,,,,,,,
,TEYA285,say the word lease,,,,,,,,,,,,
,TEYA286,say the word lid,,,,,,,,,,,,
,TEYA287,say the word life,,,,,,,,,,,,
,TEYA288,say the word limb,,,,,,,,,,,,
,TEYA289,say the word live,,,,,,,,,,,,
,TEYA290,say the word loaf,,,,,,,,,,,,
,TEYA291,say the word long,,,,,,,,,,,,
,TEYA292,say the word lore,,,,,,,,,,,,
,TEYA293,say the word lose,,,,,,,,,,,,
,TEYA294,say the word lot,,,,,,,,,,,,
,TEYA295,say the word love,,,,,,,,,,,,
,TEYA296,say the word luck,,,,,,,,,,,,
,TEYA297,say the word make,,,,,,,,,,,,
,TEYA298,say the word match,,,,,,,,,,,,
,TEYA299,say the word merge,,,,,,,,,,,,
,TEYA300,say the word mess,,,,,,,,,,,,
,TEYA301,say the word met,,,,,,,,,,,,
,TEYA302,say the word mill,,,,,,,,,,,,
,TEYA303,say the word mob,,,,,,,,,,,,
,TEYA304,say the word mode,,,,,,,,,,,,
,TEYA305,say the word mood,,,,,,,,,,,,
,TEYA306,say the word moon,,,,,,,,,,,,
,TEYA307,say the word mop,,,,,,,,,,,,
,TEYA308,say the word mouse,,,,,,,,,,,,
,TEYA309,say the word nag,,,,,,,,,,,,
,TEYA310,say the word name,,,,,,,,,,,,
,TEYA311,say the word near,,,,,,,,,,,,
,TEYA312,say the word neat,,,,,,,,,,,,
,TEYA313,say the word nice,,,,,,,,,,,,
,TEYA314,say the word note,,,,,,,,,,,,
,TEYA315,say the word numb,,,,,,,,,,,,
,TEYA316,say the word pad,,,,,,,,,,,,
,TEYA317,say the word page,,,,,,,,,,,,
,TEYA318,say the word pain,,,,,,,,,,,,
,TEYA319,say the word pass,,,,,,,,,,,,
,TEYA320,say the word pearl,,,,,,,,,,,,
,TEYA321,say the word peg,,,,,,,,,,,,
,TEYA322,say the word perch,,,,,,,,,,,,
,TEYA323,say the word phone,,,,,,,,,,,,
,TEYA324,say the word pick,,,,,,,,,,,,
,TEYA325,say the word pike,,,,,,,,,,,,
,TEYA326,say the word pole,,,,,,,,,,,,
,TEYA327,say the word pool,,,,,,,,,,,,
,TEYA328,say the word puff,,,,,,,,,,,,
,TEYA329,say the word rag,,,,,,,,,,,,
,TEYA330,say the word raid,,,,,,,,,,,,
,TEYA331,say the word rain,,,,,,,,,,,,
,TEYA332,say the word raise,,,,,,,,,,,,
,TEYA333,say the word rat,,,,,,,,,,,,
,TEYA334,say the word reach,,,,,,,,,,,,
,TEYA335,say the word read,,,,,,,,,,,,
,TEYA336,say the word red,,,,,,,,,,,,
,TEYA337,say the word ring,,,,,,,,,,,,
,TEYA338,say the word ripe,,,,,,,,,,,,
,TEYA339,say the word road,,,,,,,,,,,,
,TEYA340,say the word room,,,,,,,,,,,,
,TEYA341,say the word rose,,,,,,,,,,,,
,TEYA342,say the word rot,,,,,,,,,,,,
,TEYA343,say the word rough,,,,,,,,,,,,
,TEYA344,say the word rush,,,,,,,,,,,,
,TEYA345,say the word said,,,,,,,,,,,,
,TEYA346,say the word sail,,,,,,,,,,,,
,TEYA347,say the word search,,,,,,,,,,,,
,TEYA348,say the word seize,,,,,,,,,,,,
,TEYA349,say the word sell,,,,,,,,,,,,
,TEYA350,say the word shack,,,,,,,,,,,,
,TEYA351,say the word shall,,,,,,,,,,,,
,TEYA352,say the word shawl,,,,,,,,,,,,
,TEYA353,say the word sheep,,,,,,,,,,,,
,TEYA354,say the word shirt,,,,,,,,,,,,
,TEYA355,say the word should,,,,,,,,,,,,
,TEYA356,say the word shout,,,,,,,,,,,,
,TEYA357,say the word size,,,,,,,,,,,,
,TEYA358,say the word soap,,,,,,,,,,,,
,TEYA359,say the word soup,,,,,,,,,,,,
,TEYA360,say the word sour,,,,,,,,,,,,
,TEYA361,say the word south,,,,,,,,,,,,
,TEYA362,say the word sub,,,,,,,,,,,,
,TEYA363,say the word such,,,,,,,,,,,,
,TEYA364,say the word sure,,,,,,,,,,,,
,TEYA365,say the word take,,,,,,,,,,,,
,TEYA366,say the word talk,,,,,,,,,,,,
,TEYA367,say the word tape,,,,,,,,,,,,
,TEYA368,say the word team,,,,,,,,,,,,
,TEYA369,say the word tell,,,,,,,,,,,,
,TEYA370,say the word thin,,,,,,,,,,,,
,TEYA371,say the word third,,,,,,,,,,,,
,TEYA372,say the word thought,,,,,,,,,,,,
,TEYA373,say the word thumb,,,,,,,,,,,,
,TEYA374,say the word time,,,,,,,,,,,,
,TEYA375,say the word tip,,,,,,,,,,,,
,TEYA376,say the word tire,,,,,,,,,,,,
,TEYA377,say the word ton,,,,,,,,,,,,
,TEYA378,say the word tool,,,,,,,,,,,,
,TEYA379,say the word tough,,,,,,,,,,,,
,TEYA380,say the word turn,,,,,,,,,,,,
,TEYA381,say the word vine,,,,,,,,,,,,
,TEYA382,say the word voice,,,,,,,,,,,,
,TEYA383,say the word void,,,,,,,,,,,,
,TEYA384,say the word vote,,,,,,,,,,,,
,TEYA385,say the word wag,,,,,,,,,,,,
,TEYA386,say the word walk,,,,,,,,,,,,
,TEYA387,say the word wash,,,,,,,,,,,,
,TEYA388,say the word week,,,,,,,,,,,,
,TEYA389,say the word wheat,,,,,,,,,,,,
,TEYA390,say the word when,,,,,,,,,,,,
,TEYA391,say the word which,,,,,,,,,,,,
,TEYA392,say the word whip,,,,,,,,,,,,
,TEYA393,say the word white,,,,,,,,,,,,
,TEYA394,say the word wife,,,,,,,,,,,,
,TEYA395,say the word wire,,,,,,,,,,,,
,TEYA396,say the word witch,,,,,,,,,,,,
,TEYA397,say the word yearn,,,,,,,,,,,,
,TEYA398,say the word yes,,,,,,,,,,,,
,TEYA399,say the word young,,,,,,,,,,,,
,TEYA400,say the word youth,,,,,,,,,,,,
,TEYA401,say the word back,,,,,,,,,,,,
,TEYA402,say the word bar,,,,,,,,,,,,
,TEYA403,say the word base,,,,,,,,,,,,
,TEYA404,say the word bath,,,,,,,,,,,,
,TEYA405,say the word bean,,,,,,,,,,,,
,TEYA406,say the word beg,,,,,,,,,,,,
,TEYA407,say the word bite,,,,,,,,,,,,
,TEYA408,say the word boat,,,,,,,,,,,,
,TEYA409,say the word bone,,,,,,,,,,,,
,TEYA410,say the word book,,,,,,,,,,,,
,TEYA411,say the word bought,,,,,,,,,,,,
,TEYA412,say the word burn,,,,,,,,,,,,
,TEYA413,say the word cab,,,,,,,,,,,,
,TEYA414,say the word calm,,,,,,,,,,,,
,TEYA415,say the word came,,,,,,,,,,,,
,TEYA416,say the word cause,,,,,,,,,,,,
,TEYA417,say the word chain,,,,,,,,,,,,
,TEYA418,say the word chair,,,,,,,,,,,,
,TEYA419,say the word chalk,,,,,,,,,,,,
,TEYA420,say the word chat,,,,,,,,,,,,
,TEYA421,say the word check,,,,,,,,,,,,
,TEYA422,say the word cheek,,,,,,,,,,,,
,TEYA423,say the word chief,,,,,,,,,,,,
,TEYA424,say the word choice,,,,,,,,,,,,
,TEYA425,say the word cool,,,,,,,,,,,,
,TEYA426,say the word dab,,,,,,,,,,,,
,TEYA427,say the word date,,,,,,,,,,,,
,TEYA428,say the word dead,,,,,,,,,,,,
,TEYA429,say the word death,,,,,,,,,,,,
,TEYA430,say the word deep,,,,,,,,,,,,
,TEYA431,say the word dime,,,,,,,,,,,,
,TEYA432,say the word dip,,,,,,,,,,,,
,TEYA433,say the word ditch,,,,,,,,,,,,
,TEYA434,say the word dodge,,,,,,,,,,,,
,TEYA435,say the word dog,,,,,,,,,,,,
,TEYA436,say the word doll,,,,,,,,,,,,
,TEYA437,say the word door,,,,,,,,,,,,
,TEYA438,say the word fail,,,,,,,,,,,,
,TEYA439,say the word fall,,,,,,,,,,,,
,TEYA440,say the word far,,,,,,,,,,,,
,TEYA441,say the word fat,,,,,,,,,,,,
,TEYA442,say the word fit,,,,,,,,,,,,
,TEYA443,say the word five,,,,,,,,,,,,
,TEYA444,say the word food,,,,,,,,,,,,
,TEYA445,say the word gap,,,,,,,,,,,,
,TEYA446,say the word gas,,,,,,,,,,,,
,TEYA447,say the word gaze,,,,,,,,,,,,
,TEYA448,say the word germ,,,,,,,,,,,,
,TEYA449,say the word get,,,,,,,,,,,,
,TEYA450,say the word gin,,,,,,,,,,,,
,TEYA451,say the word goal,,,,,,,,,,,,
,TEYA452,say the word good,,,,,,,,,,,,
,TEYA453,say the word goose,,,,,,,,,,,,
,TEYA454,say the word gun,,,,,,,,,,,,
,TEYA455,say the word half,,,,,,,,,,,,
,TEYA456,say the word hall,,,,,,,,,,,,
,TEYA457,say the word hash,,,,,,,,,,,,
,TEYA458,say the word hate,,,,,,,,,,,,
,TEYA459,say the word have,,,,,,,,,,,,
,TEYA460,say the word haze,,,,,,,,,,,,
,TEYA461,say the word hire,,,,,,,,,,,,
,TEYA462,say the word hit,,,,,,,,,,,,
,TEYA463,say the word hole,,,,,,,,,,,,
,TEYA464,say the word home,,,,,,,,,,,,
,TEYA465,say the word hurl,,,,,,,,,,,,
,TEYA466,say the word hush,,,,,,,,,,,,
,TEYA467,say the word jail,,,,,,,,,,,,
,TEYA468,say the word jar,,,,,,,,,,,,
,TEYA469,say the word join,,,,,,,,,,,,
,TEYA470,say the word judge,,,,,,,,,,,,
,TEYA471,say the word jug,,,,,,,,,,,,
,TEYA472,say the word juice,,,,,,,,,,,,
,TEYA473,say the word keen,,,,,,,,,,,,
,TEYA474,say the word keep,,,,,,,,,,,,
,TEYA475,say the word keg,,,,,,,,,,,,
,TEYA476,say the word kick,,,,,,,,,,,,
,TEYA477,say the word kill,,,,,,,,,,,,
,TEYA478,say the word king,,,,,,,,,,,,
,TEYA479,say the word kite,,,,,,,,,,,,
,TEYA480,say the word knock,,,,,,,,,,,,
,TEYA481,say the word late,,,,,,,,,,,,
,TEYA482,say the word laud,,,,,,,,,,,,
,TEYA483,say the word lean,,,,,,,,,,,,
,TEYA484,say the word learn,,,,,,,,,,,,
,TEYA485,say the word lease,,,,,,,,,,,,
,TEYA486,say the word lid,,,,,,,,,,,,
,TEYA487,say the word life,,,,,,,,,,,,
,TEYA488,say the word limb,,,,,,,,,,,,
,TEYA489,say the word live,,,,,,,,,,,,
,TEYA490,say the word loaf,,,,,,,,,,,,
,TEYA491,say the word long,,,,,,,,,,,,
,TEYA492,say the word lore,,,,,,,,,,,,
,TEYA493,say the word lose,,,,,,,,,,,,
,TEYA494,say the word lot,,,,,,,,,,,,
,TEYA495,say the word love,,,,,,,,,,,,
,TEYA496,say the word luck,,,,,,,,,,,,
,TEYA497,say the word make,,,,,,,,,,,,
,TEYA498,say the word match,,,,,,,,,,,,
,TEYA499,say the word merge,,,,,,,,,,,,
,TEYA500,say the word mess,,,,,,,,,,,,
,TEYA501,say the word met,,,,,,,,,,,,
,TEYA502,say the word mill,,,,,,,,,,,,
,TEYA503,say the word mob,,,,,,,,,,,,
,TEYA504,say the word mode,,,,,,,,,,,,
,TEYA505,say the word mood,,,,,,,,,,,,
,TEYA506,say the word moon,,,,,,,,,,,,
,TEYA507,say the word mop,,,,,,,,,,,,
,TEYA508,say the word mouse,,,,,,,,,,,,
,TEYA509,say the word nag,,,,,,,,,,,,
,TEYA510,say the word name,,,,,,,,,,,,
,TEYA511,say the word near,,,,,,,,,,,,
,TEYA512,say the word neat,,,,,,,,,,,,
,TEYA513,say the word nice,,,,,,,,,,,,
,TEYA514,say the word note,,,,,,,,,,,,
,TEYA515,say the word numb,,,,,,,,,,,,
,TEYA516,say the word pad,,,,,,,,,,,,
,TEYA517,say the word page,,,,,,,,,,,,
,TEYA518,say the word pain,,,,,,,,,,,,
,TEYA519,say the word pass,,,,,,,,,,,,
,TEYA520,say the word pearl,,,,,,,,,,,,
,TEYA521,say the word peg,,,,,,,,,,,,
,TEYA522,say the word perch,,,,,,,,,,,,
,TEYA523,say the word phone,,,,,,,,,,,,
,TEYA524,say the word pick,,,,,,,,,,,,
,TEYA525,say the word pike,,,,,,,,,,,,
,TEYA526,say the word pole,,,,,,,,,,,,
,TEYA527,say the word pool,,,,,,,,,,,,
,TEYA528,say the word puff,,,,,,,,,,,,
,TEYA529,say the word rag,,,,,,,,,,,,
,TEYA530,say the word raid,,,,,,,,,,,,
,TEYA531,say the word rain,,,,,,,,,,,,
,TEYA532,say the word raise,,,,,,,,,,,,
,TEYA533,say the word rat,,,,,,,,,,,,
,TEYA534,say the word reach,,,,,,,,,,,,
,TEYA535,say the word read,,,,,,,,,,,,
,TEYA536,say the word red,,,,,,,,,,,,
,TEYA537,say the word ring,,,,,,,,,,,,
,TEYA538,say the word ripe,,,,,,,,,,,,
,TEYA539,say the word road,,,,,,,,,,,,
,TEYA540,say the word room,,,,,,,,,,,,
,TEYA541,say the word rose,,,,,,,,,,,,
,TEYA542,say the word rot,,,,,,,,,,,,
,TEYA543,say the word rough,,,,,,,,,,,,
,TEYA544,say the word rush,,,,,,,,,,,,
,TEYA545,say the word said,,,,,,,,,,,,
,TEYA546,say the word sail,,,,,,,,,,,,
,TEYA547,say the word search,,,,,,,,,,,,
,TEYA548,say the word seize,,,,,,,,,,,,
,TEYA549,say the word sell,,,,,,,,,,,,
,TEYA550,say the word shack,,,,,,,,,,,,
,TEYA551,say the word shall,,,,,,,,,,,,
,TEYA552,say the word shawl,,,,,,,,,,,,
,TEYA553,say the word sheep,,,,,,,,,,,,
,TEYA554,say the word shirt,,,,,,,,,,,,
,TEYA555,say the word should,,,,,,,,,,,,
,TEYA556,say the word shout,,,,,,,,,,,,
,TEYA557,say the word size,,,,,,,,,,,,
,TEYA558,say the word soap,,,,,,,,,,,,
,TEYA559,say the word soup,,,,,,,,,,,,
,TEYA560,say the word sour,,,,,,,,,,,,
,TEYA561,say the word south,,,,,,,,,,,,
,TEYA562,say the word sub,,,,,,,,,,,,
,TEYA563,say the word such,,,,,,,,,,,,
,TEYA564,say the word sure,,,,,,,,,,,,
,TEYA565,say the word take,,,,,,,,,,,,
,TEYA566,say the word talk,,,,,,,,,,,,
,TEYA567,say the word tape,,,,,,,,,,,,
,TEYA568,say the word team,,,,,,,,,,,,
,TEYA569,say the word tell,,,,,,,,,,,,
,TEYA570,say the word thin,,,,,,,,,,,,
,TEYA571,say the word third,,,,,,,,,,,,
,TEYA572,say the word thought,,,,,,,,,,,,
,TEYA573,say the word thumb,,,,,,,,,,,,
,TEYA574,say the word time,,,,,,,,,,,,
,TEYA575,say the word tip,,,,,,,,,,,,
,TEYA576,say the word tire,,,,,,,,,,,,
,TEYA577,say the word ton,,,,,,,,,,,,
,TEYA578,say the word tool,,,,,,,,,,,,
,TEYA579,say the word tough,,,,,,,,,,,,
,TEYA580,say the word turn,,,,,,,,,,,,
,TEYA581,say the word vine,,,,,,,,,,,,
,TEYA582,say the word voice,,,,,,,,,,,,
,TEYA583,say the word void,,,,,,,,,,,,
,TEYA584,say the word vote,,,,,,,,,,,,
,TEYA585,say the word wag,,,,,,,,,,,,
,TEYA586,say the word walk,,,,,,,,,,,,
,TEYA587,say the word wash,,,,,,,,,,,,
,TEYA588,say the word week,,,,,,,,,,,,
,TEYA589,say the word wheat,,,,,,,,,,,,
,TEYA590,say the word when,,,,,,,,,,,,
,TEYA591,say the word which,,,,,,,,,,,,
,TEYA592,say the word whip,,,,,,,,,,,,
,TEYA593,say the word white,,,,,,,,,,,,
,TEYA594,say the word wife,,,,,,,,,,,,
,TEYA595,say the word wire,,,,,,,,,,,,
,TEYA596,say the word witch,,,,,,,,,,,,
,TEYA597,say the word yearn,,,,,,,,,,,,
,TEYA598,say the word yes,,,,,,,,,,,,
,TEYA599,say the word young,,,,,,,,,,,,
,TEYA600,say the word youth,,,,,,,,,,,,
,TEYA601,say the word back,,,,,,,,,,,,
,TEYA602,say the word bar,,,,,,,,,,,,
,TEYA603,say the word base,,,,,,,,,,,,
,TEYA604,say the word bath,,,,,,,,,,,,
,TEYA605,say the word bean,,,,,,,,,,,,
,TEYA606,say the word beg,,,,,,,,,,,,
,TEYA607,say the word bite,,,,,,,,,,,,
,TEYA608,say the word boat,,,,,,,,,,,,
,TEYA609,say the word bone,,,,,,,,,,,,
,TEYA610,say the word book,,,,,,,,,,,,
,TEYA611,say the word bought,,,,,,,,,,,,
,TEYA612,say the word burn,,,,,,,,,,,,
,TEYA613,say the word cab,,,,,,,,,,,,
,TEYA614,say the word calm,,,,,,,,,,,,
,TEYA615,say the word came,,,,,,,,,,,,
,TEYA616,say the word cause,,,,,,,,,,,,
,TEYA617,say the word chain,,,,,,,,,,,,
,TEYA618,say the word chair,,,,,,,,,,,,
,TEYA619,say the word chalk,,,,,,,,,,,,
,TEYA620,say the word chat,,,,,,,,,,,,
,TEYA621,say the word check,,,,,,,,,,,,
,TEYA622,say the word cheek,,,,,,,,,,,,
,TEYA623,say the word chief,,,,,,,,,,,,
,TEYA624,say the word choice,,,,,,,,,,,,
,TEYA625,say the word cool,,,,,,,,,,,,
,TEYA626,say the word dab,,,,,,,,,,,,
,TEYA627,say the word date,,,,,,,,,,,,
,TEYA628,say the word dead,,,,,,,,,,,,
,TEYA629,say the word death,,,,,,,,,,,,
,TEYA630,say the word deep,,,,,,,,,,,,
,TEYA631,say the word dime,,,,,,,,,,,,
,TEYA632,say the word dip,,,,,,,,,,,,
,TEYA633,say the word ditch,,,,,,,,,,,,
,TEYA634,say the word dodge,,,,,,,,,,,,
,TEYA635,say the word dog,,,,,,,,,,,,
,TEYA636,say the word doll,,,,,,,,,,,,
,TEYA637,say the word door,,,,,,,,,,,,
,TEYA638,say the word fail,,,,,,,,,,,,
,TEYA639,say the word fall,,,,,,,,,,,,
,TEYA640,say the word far,,,,,,,,,,,,
,TEYA641,say the word fat,,,,,,,,,,,,
,TEYA642,say the word fit,,,,,,,,,,,,
,TEYA643,say the word five,,,,,,,,,,,,
,TEYA644,say the word food,,,,,,,,,,,,
,TEYA645,say the word gap,,,,,,,,,,,,
,TEYA646,say the word gas,,,,,,,,,,,,
,TEYA647,say the word gaze,,,,,,,,,,,,
,TEYA648,say the word germ,,,,,,,,,,,,
,TEYA649,say the word get,,,,,,,,,,,,
,TEYA650,say the word gin,,,,,,,,,,,,
,TEYA651,say the word goal,,,,,,,,,,,,
,TEYA652,say the word good,,,,,,,,,,,,
,TEYA653,say the word goose,,,,,,,,,,,,
,TEYA654,say the word gun,,,,,,,,,,,,
,TEYA655,say the word half,,,,,,,,,,,,
,TEYA656,say the word hall,,,,,,,,,,,,
,TEYA657,say the word hash,,,,,,,,,,,,
,TEYA658,say the word hate,,,,,,,,,,,,
,TEYA659,say the word have,,,,,,,,,,,,
,TEYA660,say the word haze,,,,,,,,,,,,
,TEYA661,say the word hire,,,,,,,,,,,,
,TEYA662,say the word hit,,,,,,,,,,,,
,TEYA663,say the word hole,,,,,,,,,,,,
,TEYA664,say the word home,,,,,,,,,,,,
,TEYA665,say the word hurl,,,,,,,,,,,,
,TEYA666,say the word hush,,,,,,,,,,,,
,TEYA667,say the word jail,,,,,,,,,,,,
,TEYA668,say the word jar,,,,,,,,,,,,
,TEYA669,say the word join,,,,,,,,,,,,
,TEYA670,say the word judge,,,,,,,,,,,,
,TEYA671,say the word jug,,,,,,,,,,,,
,TEYA672,say the word juice,,,,,,,,,,,,
,TEYA673,say the word keen,,,,,,,,,,,,
,TEYA674,say the word keep,,,,,,,,,,,,
,TEYA675,say the word keg,,,,,,,,,,,,
,TEYA676,say the word kick,,,,,,,,,,,,
,TEYA677,say the word kill,,,,,,,,,,,,
,TEYA678,say the word king,,,,,,,,,,,,
,TEYA679,say the word kite,,,,,,,,,,,,
,TEYA680,say the word knock,,,,,,,,,,,,
,TEYA681,say the word late,,,,,,,,,,,,
,TEYA682,say the word laud,,,,,,,,,,,,
,TEYA683,say the word lean,,,,,,,,,,,,
,TEYA684,say the word learn,,,,,,,,,,,,
,TEYA685,say the word lease,,,,,,,,,,,,
,TEYA686,say the word lid,,,,,,,,,,,,
,TEYA687,say the word life,,,,,,,,,,,,
,TEYA688,say the word limb,,,,,,,,,,,,
,TEYA689,say the word live,,,,,,,,,,,,
,TEYA690,say the word loaf,,,,,,,,,,,,
,TEYA691,say the word long,,,,,,,,,,,,
,TEYA692,say the word lore,,,,,,,,,,,,
,TEYA693,say the word lose,,,,,,,,,,,,
,TEYA694,say the word lot,,,,,,,,,,,,
,TEYA695,say the word love,,,,,,,,,,,,
,TEYA696,say the word luck,,,,,,,,,,,,
,TEYA697,say the word make,,,,,,,,,,,,
,TEYA698,say the word match,,,,,,,,,,,,
,TEYA699,say the word merge,,,,,,,,,,,,
,TEYA700,say the word mess,,,,,,,,,,,,
,TEYA701,say the word met,,,,,,,,,,,,
,TEYA702,say the word mill,,,,,,,,,,,,
,TEYA703,say the word mob,,,,,,,,,,,,
,TEYA704,say the word mode,,,,,,,,,,,,
,TEYA705,say the word mood,,,,,,,,,,,,
,TEYA706,say the word moon,,,,,,,,,,,,
,TEYA707,say the word mop,,,,,,,,,,,,
,TEYA708,say the word mouse,,,,,,,,,,,,
,TEYA709,say the word nag,,,,,,,,,,,,
,TEYA710,say the word name,,,,,,,,,,,,
,TEYA711,say the word near,,,,,,,,,,,,
,TEYA712,say the word neat,,,,,,,,,,,,
,TEYA713,say the word nice,,,,,,,,,,,,
,TEYA714,say the word note,,,,,,,,,,,,
,TEYA715,say the word numb,,,,,,,,,,,,
,TEYA716,say the word pad,,,,,,,,,,,,
,TEYA717,say the word page,,,,,,,,,,,,
,TEYA718,say the word pain,,,,,,,,,,,,
,TEYA719,say the word pass,,,,,,,,,,,,
,TEYA720,say the word pearl,,,,,,,,,,,,
,TEYA721,say the word peg,,,,,,,,,,,,
,TEYA722,say the word perch,,,,,,,,,,,,
,TEYA723,say the word phone,,,,,,,,,,,,
,TEYA724,say the word pick,,,,,,,,,,,,
,TEYA725,say the word pike,,,,,,,,,,,,
,TEYA726,say the word pole,,,,,,,,,,,,
,TEYA727,say the word pool,,,,,,,,,,,,
,TEYA728,say the word puff,,,,,,,,,,,,
,TEYA729,say the word rag,,,,,,,,,,,,
,TEYA730,say the word raid,,,,,,,,,,,,
,TEYA731,say the word rain,,,,,,,,,,,,
,TEYA732,say the word raise,,,,,,,,,,,,
,TEYA733,say the word rat,,,,,,,,,,,,
,TEYA734,say the word reach,,,,,,,,,,,,
,TEYA735,say the word read,,,,,,,,,,,,
,TEYA736,say the word red,,,,,,,,,,,,
,TEYA737,say the word ring,,,,,,,,,,,,
,TEYA738,say the word ripe,,,,,,,,,,,,
,TEYA739,say the word road,,,,,,,,,,,,
,TEYA740,say the word room,,,,,,,,,,,,
,TEYA741,say the word rose,,,,,,,,,,,,
,TEYA742,say the word rot,,,,,,,,,,,,
,TEYA743,say the word rough,,,,,,,,,,,,
,TEYA744,say the word rush,,,,,,,,,,,,
,TEYA745,say the word said,,,,,,,,,,,,
,TEYA746,say the word sail,,,,,,,,,,,,
,TEYA747,say the word search,,,,,,,,,,,,
,TEYA748,say the word seize,,,,,,,,,,,,
,TEYA749,say the word sell,,,,,,,,,,,,
,TEYA750,say the word shack,,,,,,,,,,,,
,TEYA751,say the word shall,,,,,,,,,,,,
,TEYA752,say the word shawl,,,,,,,,,,,,
,TEYA753,say the word sheep,,,,,,,,,,,,
,TEYA754,say the word shirt,,,,,,,,,,,,
,TEYA755,say the word should,,,,,,,,,,,,
,TEYA756,say the word shout,,,,,,,,,,,,
,TEYA757,say the word size,,,,,,,,,,,,
,TEYA758,say the word soap,,,,,,,,,,,,
,TEYA759,say the word soup,,,,,,,,,,,,
,TEYA760,say the word sour,,,,,,,,,,,,
,TEYA761,say the word south,,,,,,,,,,,,
,TEYA762,say the word sub,,,,,,,,,,,,
,TEYA763,say the word such,,,,,,,,,,,,
,TEYA764,say the word sure,,,,,,,,,,,,
,TEYA765,say the word take,,,,,,,,,,,,
,TEYA766,say the word talk,,,,,,,,,,,,
,TEYA767,say the word tape,,,,,,,,,,,,
,TEYA768,say the word team,,,,,,,,,,,,
,TEYA769,say the word tell,,,,,,,,,,,,
,TEYA770,say the word thin,,,,,,,,,,,,
,TEYA771,say the word third,,,,,,,,,,,,
,TEYA772,say the word thought,,,,,,,,,,,,
,TEYA773,say the word thumb,,,,,,,,,,,,
,TEYA774,say the word time,,,,,,,,,,,,
,TEYA775,say the word tip,,,,,,,,,,,,
,TEYA776,say the word tire,,,,,,,,,,,,
,TEYA777,say the word ton,,,,,,,,,,,,
,TEYA778,say the word tool,,,,,,,,,,,,
,TEYA779,say the word tough,,,,,,,,,,,,
,TEYA780,say the word turn,,,,,,,,,,,,
,TEYA781,say the word vine,,,,,,,,,,,,
,TEYA782,say the word voice,,,,,,,,,,,,
,TEYA783,say the word void,,,,,,,,,,,,
,TEYA784,say the word vote,,,,,,,,,,,,
,TEYA785,say the word wag,,,,,,,,,,,,
,TEYA786,say the word walk,,,,,,,,,,,,
,TEYA787,say the word wash,,,,,,,,,,,,
,TEYA788,say the word week,,,,,,,,,,,,
,TEYA789,say the word wheat,,,,,,,,,,,,
,TEYA790,say the word when,,,,,,,,,,,,
,TEYA791,say the word which,,,,,,,,,,,,
,TEYA792,say the word whip,,,,,,,,,,,,
,TEYA793,say the word white,,,,,,,,,,,,
,TEYA794,say the word wife,,,,,,,,,,,,
,TEYA795,say the word wire,,,,,,,,,,,,
,TEYA796,say the word witch,,,,,,,,,,,,
,TEYA797,say the word yearn,,,,,,,,,,,,
,TEYA798,say the word yes,,,,,,,,,,,,
,TEYA799,say the word young,,,,,,,,,,,,
,TEYA800,say the word youth,,,,,,,,,,,,